ticker,name,currency,exchange,industry,environment_grade,environment_level,social_grade,social_level,governance_grade,governance_level,environment_score,social_score,governance_score,total_score,total_grade,total_level,total_revenue,operating_costs,proprietary_expenses,gross_profit,management_fee,total_operating_revenues,capex,roe,roic,roic_ttm,ev_ebitda,pe,pb,pcf,ps,market_cap,roa,short_debt_ratio,long_debt_ratio,debt_to_capital,asset_to_liab,equity_multiplier,current_ratio,net_income,management_compensation,beta,calculated_total,total_check,sector
dis,Walt Disney Co,USD,"NEW YORK STOCK EXCHANGE, INC.",Media,A,High,BB,Medium,BB,Medium,510,316,321,1147,BBB,High,82722000000.0,54401000000.0,21551000000.0,28321000000.0,,82722000000.0,4943000000.0,3.4267,2.1967,2.1935,32.341189588207,53.3709080706677,1.76670918114527,-38.6576476007024,2.02910357440886,281536729785.72,1.7213,30.5219,69.4781,33.7355,46.7773,1.8789,1.0009,3505000000.0,98846455.0,-0.0023084020989543,1147,True,Consumer
gm,General Motors Co,USD,"NEW YORK STOCK EXCHANGE, INC.",Automobiles,A,High,BB,Medium,B,Medium,510,303,255,1068,BBB,High,156735000000.0,126892000000.0,19529000000.0,29843000000.0,,156735000000.0,9238000000.0,15.5783,5.6505,4.8852,7.02096124516053,6.87940101538152,1.00808310253127,-42.8732557633626,0.436022392489233,87945000000.0,3.6768,47.5474,52.4526,62.8519,72.6232,3.6527,1.1018,9708000000.0,74960670.0,0.0590650060679785,1068,True,Consumer
gww,WW Grainger Inc,USD,"NEW YORK STOCK EXCHANGE, INC.",Trading Companies and Distributors,B,Medium,BB,Medium,B,Medium,255,385,240,880,BB,Medium,15228000000.0,9379000000.0,3634000000.0,5849000000.0,,15228000000.0,256000000.0,71.72,34.3969,32.5068,17.1187778677844,32.598030005042,20.6676854171311,600.347052592857,3.31160706710008,26544359039.2,21.2572,41.4177,58.5823,48.7287,63.9562,2.7744,2.4761,1613000000.0,25446581.0,0.167678210345879,880,True,Industrials
mhk,Mohawk Industries Inc,USD,"NEW YORK STOCK EXCHANGE, INC.",Consumer products,A,High,B,Medium,BB,Medium,570,298,303,1171,BBB,High,11737065000.0,8793639000.0,2003438000.0,2943426000.0,,11737065000.0,580742000.0,0.3073,0.234,0.2331,6.97426195618439,239.979486340555,0.756257290810008,25.1684976057625,0.516207594627788,11952647620.0,0.1826,50.3118,49.6882,26.0292,43.2176,1.7611,1.92,25783000.0,10473138.0,0.065696272733951,1171,True,Consumer
lyv,Live Nation Entertainment Inc,USD,"NEW YORK STOCK EXCHANGE, INC.",Media,BBB,High,BB,Medium,B,Medium,492,310,250,1052,BBB,High,16681254000.0,,15981218000.0,,,16681254000.0,353286000.0,,5.5407,5.3466,145.438173008141,119.032752887299,-95.8514684211672,48.623935449818,2.11207313287718,26891300360.51,2.4859,52.8965,47.1035,106.6397,95.3613,21.5579,0.9827,409193000.0,207279704.0,0.135467934583915,1052,True,Consumer
lvs,Las Vegas Sands Corp,USD,"NEW YORK STOCK EXCHANGE, INC.",Hotels Restaurants and Leisure,A,High,BB,Medium,BB,Medium,547,318,313,1178,BBB,High,4110000000.0,2460000000.0,2433000000.0,1650000000.0,936000000.0,4110000000.0,780000000.0,62.3447,9.9973,9.225,142.63,19.2184071425764,9.07192009409946,7.80494832303259,8.56645301343066,28756960000.0,6.1573,21.2261,78.7739,80.4572,83.4112,6.0282,1.7283,1357000000.0,31148777.0,0.310629716950374,1178,True,Consumer
clx,Clorox Co,USD,"NEW YORK STOCK EXCHANGE, INC.",Consumer products,A,High,BB,Medium,BB,Medium,560,350,345,1255,A,High,7107000000.0,4562000000.0,1826000000.0,2545000000.0,,7107000000.0,251000000.0,95.5533,14.299,14.1414,20.0000808039502,26.7419354141558,22.2208168369424,-89.5273489952174,1.73839512612073,21440097368.76,7.6486,32.8606,67.1394,82.9813,88.1617,8.4472,0.9669,471000000.0,24271823.0,0.0293394181173034,1255,True,Consumer
aacg,ATA Creativity Global,CNY,NASDAQ NMS - GLOBAL MARKET,Diversified Consumer Services,B,Medium,B,Medium,B,Medium,203,200,205,608,B,Medium,29696016.1387589,14978011.084628,22845259.8857077,14718005.0541309,11063317.3477299,29696016.1387589,232366.252189645,-28.9498,-28.9498,-33.4683,-9.39368016061471,-4.66656361799627,1.56181934614193,-13.6617821071401,1.08062258115883,33588992.86,-10.2419,88.3946,11.6054,0.0,69.7524,3.306,0.2231,-6977318.29537949,0.0,0.293104521685524,608,True,Consumer
aal,American Airlines Group Inc,USD,NASDAQ NMS - GLOBAL MARKET,Airlines,B,Medium,B,Medium,B,Medium,270,211,265,746,B,Medium,48971000000.0,,47171000000.0,,,48971000000.0,2546000000.0,,0.4193,0.4253,31.8273980919057,55.6839525734646,-1.21949680579928,39.7295616675843,0.144409180470687,11633187606.2,0.1962,30.4843,69.5157,119.418,108.9607,-11.1599,0.7103,127000000.0,29008473.0,-0.278506195325236,746,True,Transport
aame,Atlantic American Corp,USD,NASDAQ NMS - GLOBAL MARKET,Insurance,B,Medium,B,Medium,BB,Medium,220,221,300,741,B,Medium,,,46713000.0,,,187851000.0,126000.0,1.2527,,,,33.1705740590164,0.495262541267697,12.3078164087591,0.284333056636014,49927511.2,0.4155,,,72.1594,72.1594,3.5919,,1525000.0,2576492.0,0.57788651403081,741,True,Financials
aaoi,Applied Optoelectronics Inc,USD,NASDAQ NMS - GLOBAL MARKET,Communications,BB,Medium,B,Medium,B,Medium,311,256,218,785,BB,Medium,222818000.0,189191000.0,92625000.0,33627000.0,46658000.0,222818000.0,3708000.0,-30.2327,-18.4009,-19.9002,-10.8371422186466,-110.334333661762,39.6700533499756,-1319.97635173694,32.8782627621646,140440220.0,-16.2633,61.9796,38.0204,44.6516,54.7669,2.2108,1.3217,-66397000.0,6301773.0,0.568262549370667,785,True,Tech
aaon,Aaon Inc,USD,NASDAQ NMS - GLOBAL MARKET,Building,A,High,BB,Medium,B,Medium,500,300,223,1023,BBB,High,888788000.0,651216000.0,110823000.0,237572000.0,,888788000.0,54024000.0,19.5496,17.6425,15.8894,40.8515053898496,67.7162642484259,12.1222008728157,2760.79924459789,7.64759170938402,4172297848.55,12.3327,57.4934,42.5066,11.2398,31.108,1.4515,2.3983,100376000.0,7041032.0,0.124723774997727,1023,True,Industrials
aapl,Apple Inc,USD,NASDAQ NMS - GLOBAL MARKET,Technology,BB,Medium,B,Medium,B,Medium,355,281,255,891,BB,Medium,394328000000.0,223546000000.0,51345000000.0,170782000000.0,,394328000000.0,10708000000.0,175.4593,55.6703,58.4529,24.8678136888264,37.2004197729527,73.2695274431639,-338.998675547845,9.41529258536041,2901644912070.0,28.2924,50.9734,49.0266,70.3223,85.6354,6.9615,0.8794,99803000000.0,211418319.0,0.114351954500793,891,True,Tech
abeo,Abeona Therapeutics Inc,USD,NASDAQ NMS - GLOBAL MARKET,Biotechnology,B,Medium,BB,Medium,BB,Medium,205,306,310,821,BB,Medium,1414000.0,5658000.0,46671000.0,-4244000.0,17256000.0,1414000.0,130000.0,-101.6075,-101.6075,-162.4678,,-6.22285040281137,9.23068157355854,-10.1764138415589,174.69750324611,49608227.214,-61.8183,20.77,79.23,0.0,58.3253,2.3995,6.8259,-39696000.0,4266034.0,0.562160008972111,821,True,Healthcare
abnb,Airbnb Inc,USD,NASDAQ NMS - GLOBAL MARKET,Hotels Restaurants and Leisure,A,High,A,High,BBB,High,505,570,400,1475,A,High,8399000000.0,1499000000.0,5098000000.0,6900000000.0,950000000.0,8399000000.0,25000000.0,36.6303,26.4658,25.0828,379.461857262334,41.5067614027892,14.1317085135755,33.0691495519697,9.35495884456245,107007118760.0,11.8032,76.1405,23.8595,26.3283,65.3323,2.8845,1.8627,1893000000.0,31069497.0,0.0997444645282375,1475,True,Consumer
abos,Acumen Pharmaceuticals Inc,USD,NASDAQ NMS - GLOBAL MARKET,Biotechnology,B,Medium,B,Medium,B,Medium,205,201,200,606,B,Medium,,,45237000.0,,12876000.0,,161000.0,-20.7055,,,-1.37184092307386,-3.60421489989733,0.818234584823202,19.4561322269807,,273599305.2,-21.8,100.0,,0.0,3.9738,1.0414,23.0836,-42856000.0,6034006.0,0.17116269453463,606,True,Healthcare
absi,Absci Corp,USD,NASDAQ NMS - GLOBAL MARKET,Life Sciences Tools and Services,B,Medium,B,Medium,B,Medium,205,224,230,659,B,Medium,5747000.0,,112497000.0,,,5747000.0,16175000.0,-32.7558,-31.4447,-36.1638,-4.77500988517998,-4.20099555250515,1.60597213494938,-2.170044107069,76.6837023560118,759713895.2,-32.6796,64.9654,35.0346,5.4006,14.5149,1.1698,6.1732,-104904000.0,13124158.0,-0.141150614229831,659,True,Healthcare
abus,Arbutus Biopharma Corp,USD,NASDAQ NMS - GLOBAL MARKET,Biotechnology,B,Medium,B,Medium,BB,Medium,203,204,338,745,B,Medium,39019000.0,,102242000.0,,17834000.0,39019000.0,512000.0,-45.3529,-45.3529,-50.7526,-6.86948764276125,-12.5241505787837,6.35633679157046,-11.0803938883652,22.2936877572465,564002293.04,-35.5421,56.1016,43.8984,0.0,29.97,1.428,4.5999,-69456000.0,6011929.0,0.295363821437847,745,True,Healthcare
abvc,ABVC Biopharma Inc,USD,NASDAQ NMS - GLOBAL MARKET,Biotechnology,B,Medium,B,Medium,B,Medium,220,212,205,637,B,Medium,969783.0,286415.0,15797780.0,683368.0,,969783.0,119692.0,-275.0446,-212.2416,-328.9691,,-1.64199226595923,8.70295035314506,-5.21250588239615,27.8070778926832,98060231.58,-165.5159,87.9171,12.0829,37.9332,67.164,3.0454,0.5133,-16312374.0,2305263.0,1.76672677138051,637,True,Healthcare
acad,ACADIA Pharmaceuticals Inc,USD,NASDAQ NMS - GLOBAL MARKET,Biotechnology,B,Medium,B,Medium,BB,Medium,230,230,305,765,BB,Medium,517235000.0,10166000.0,730665000.0,507069000.0,369090000.0,517235000.0,,-45.8883,-45.8883,-53.9381,-22.6455687440889,-16.9488104693136,9.14185938296209,-112.323770017797,7.0770913436059,3758036301.3,-36.7422,67.0388,32.9612,0.0,31.8808,1.468,4.0431,-215975000.0,34207081.0,0.358943033835487,765,True,Healthcare
acet,Adicet Bio Inc,USD,NASDAQ NMS - GLOBAL MARKET,Biotechnology,B,Medium,B,Medium,BB,Medium,215,211,305,731,B,Medium,24990000.0,,97541000.0,,26295000.0,,16782000.0,-23.4404,-23.4404,-23.8731,-8.33564271271304,-0.925402193867316,0.220921738227668,-3.22306712795688,2.5843865190076,694998625.86,-21.1044,51.3845,48.6155,0.0,11.5976,1.1312,13.246,-69790000.0,9804673.0,0.219536415043315,731,True,Healthcare
abcl,Abcellera Biologics Inc,USD,NASDAQ NMS - GLOBAL MARKET,Life Sciences Tools and Services,A,High,BB,Medium,BB,Medium,540,354,345,1239,A,High,485424000.0,,268913000.0,,55485000.0,485424000.0,72660000.0,14.0344,14.0344,12.8535,14.8257303465467,6.40672494432844,0.823487044232561,-11.7419834371965,2.09216608871832,4050576587.2,10.2874,38.4618,61.5382,0.0,19.9642,1.2494,8.6671,158519000.0,29039832.0,0.212109588445814,1239,True,Healthcare
abcb,Ameris Bancorp,USD,NASDAQ NMS - GLOBAL MARKET,Banking,B,Medium,BB,Medium,B,Medium,290,300,250,840,BB,Medium,,,,,,,13568000.0,11.2443,,,,15.1376157215906,1.6406421943329,-1.78033084808715,5.20311857671238,3458186447.04,1.3832,,,87.2376,87.2376,7.8355,,346540000.0,13505570.0,0.0681526997945344,840,True,Financials
achc,Acadia Healthcare Company Inc,USD,NASDAQ NMS - GLOBAL MARKET,Health Care,BB,Medium,B,Medium,B,Medium,330,231,220,781,BB,Medium,2610399000.0,,2187947000.0,,,2610399000.0,296149000.0,10.2487,6.6496,6.5041,17.1725922540021,8.03626028981581,0.780387182723386,-60.6961646748147,0.84087378952413,5404009190.6,5.6142,18.6076,81.3924,33.0225,41.8396,1.7194,1.3034,280033000.0,23785875.0,-0.062120348279964,781,True,Healthcare
aciw,ACI Worldwide Inc,USD,NASDAQ NMS - GLOBAL MARKET,Technology,A,High,BB,Medium,BB,Medium,500,327,300,1127,BBB,High,1421901000.0,696071000.0,521995000.0,725830000.0,114194000.0,1421901000.0,39893000.0,11.6636,6.1903,6.2275,13.8542161619951,29.2331278874924,3.48334202741062,136.137517971176,2.92304346340568,4015832596.2,4.4293,42.5863,57.4137,47.7374,62.8278,2.6902,1.298,142177000.0,26414387.0,0.0744136971572571,1127,True,Tech
acls,Axcelis Technologies Inc,USD,NASDAQ NMS - GLOBAL MARKET,Semiconductors,A,High,BB,Medium,B,Medium,515,306,260,1081,BBB,High,919998000.0,518208000.0,189429000.0,401790000.0,57474000.0,919998000.0,10683000.0,30.3559,28.1655,25.6532,16.5956370701837,16.5021409077502,4.52779061597048,-27.6329695082912,3.28391524247879,2478374400.0,18.0615,71.6347,28.3653,6.5036,34.1724,1.5191,3.537,183079000.0,12359606.0,0.403402413418231,1081,True,Tech
aciu,AC Immune SA,CHF,NASDAQ NMS - GLOBAL MARKET,Biotechnology,B,Medium,B,Medium,BB,Medium,250,296,305,851,BB,Medium,4261909.08307728,,80994684.892169,,17100707.1188582,4261909.08307728,1341932.74559917,-35.2909,-35.2909,-41.8679,,-3.83702647697849,1.60648279686882,-5.36206072142325,68.9913937295195,413221114.35,-38.0519,67.7465,32.2535,0.0,9.1143,1.1003,11.157,-76630966.5450995,0.0,-0.311644377164121,851,True,Healthcare
achv,Achieve Life Sciences Inc,USD,NASDAQ NMS - GLOBAL MARKET,Biotechnology,B,Medium,B,Medium,BB,Medium,215,222,305,742,B,Medium,,,40800000.0,,10722000.0,,0.0,-233.0444,-164.5779,-502.3725,-1.22508450317446,-3.63314203825266,18.5310809731422,-8.4304183507753,,73548556.76,-141.3033,99.6816,0.3184,1.5065,72.2966,3.6097,1.2653,-42350000.0,4323286.0,0.253314884839897,742,True,Healthcare
acmr,ACM Research Inc,USD,NASDAQ NMS - GLOBAL MARKET,Semiconductors,BBB,High,B,Medium,BB,Medium,410,232,325,967,BBB,High,388832000.0,205217000.0,124580000.0,183615000.0,22465000.0,388832000.0,92520000.0,5.8122,5.3674,5.2221,35.997921780459,68.9450872039834,4.01121270150966,-8.60411091263636,6.96185231382705,1668357091.87,4.0926,93.5948,6.4052,10.2429,34.2638,1.5212,2.4325,50564000.0,5252295.0,0.855955709144191,967,True,Tech
acnb,ACNB Corp,USD,NASDAQ NMS - GLOBAL MARKET,Banking,B,Medium,B,Medium,B,Medium,220,219,215,654,B,Medium,,,,,,,1811000.0,13.8264,,,,13.7411521005818,2.00485496323079,-0.90645915807148,5.04092748494208,271485563.68,1.4156,,,90.2973,90.2973,10.3064,,35752000.0,2318635.0,-0.0622078830473091,654,True,Financials
acrs,Aclaris Therapeutics Inc,USD,NASDAQ NMS - GLOBAL MARKET,Pharmaceuticals,B,Medium,B,Medium,B,Medium,230,207,220,657,B,Medium,29752000.0,11960000.0,102946000.0,17792000.0,25133000.0,29752000.0,605000.0,-44.0083,-44.0083,-43.9771,-9.30221259078072,-4.88441875638606,2.14802609682169,23.6777702632753,14.2677825114278,890261604.84,-34.1357,38.5046,61.4954,0.0,22.3786,1.2883,10.5547,-86908000.0,20536226.0,-0.567382609430714,657,True,Healthcare
act,Enact Holdings Inc,USD,NASDAQ NMS - GLOBAL MARKET,Financial Services,A,High,BB,Medium,BB,Medium,540,328,315,1183,BBB,High,,,145125000.0,,,1095046000.0,,17.1611,,,,8.18058706453248,1.40466883080528,65.4987395317634,5.26043439782438,3365902800.0,12.3338,,,28.1695,28.1695,1.3922,,704157000.0,16823409.0,-0.213606459707694,1183,True,Financials
actg,Acacia Research Corp,USD,NASDAQ NMS - GLOBAL MARKET,Financial Services,B,Medium,B,Medium,B,Medium,200,200,275,675,B,Medium,59223000.0,37388000.0,61927000.0,21835000.0,61301000.0,59223000.0,5732000.0,-35.1114,-26.2167,-36.93,1.11619552571408,-3.87244116563387,1.87512333273966,-22.4475946410197,8.17768188676696,250383747.24,-22.9722,45.0269,54.9731,17.8501,40.1058,1.6696,4.9076,-110939000.0,6364711.0,0.347279008286873,675,True,Financials
acva,ACV Auctions Inc,USD,NASDAQ NMS - GLOBAL MARKET,Commercial Services and Supplies,B,Medium,B,Medium,BB,Medium,235,262,315,812,BB,Medium,421529000.0,236653000.0,291085000.0,184876000.0,,421529000.0,23396000.0,-19.6181,-18.2843,-18.209,-34.3771424199142,-7.37555352519253,1.55176590285841,-2.64242271965559,1.78808561546181,2940584295.96,-11.1696,81.132,18.868,13.4527,46.9109,1.8836,2.1675,-102193000.0,11123720.0,0.128457606126641,812,True,Industrials
adag,Adagene Inc,USD,NASDAQ NMS - GLOBAL MARKET,Biotechnology,B,Medium,BB,Medium,BB,Medium,295,301,305,901,BBB,High,9292724.0,,93213407.0,,11873867.0,,690938.0,-66.7408,-58.1817,-72.1404,-2.16659369542006,-2.43990183375407,2.3483287306408,-6.36980468805012,20.9974444677363,352399743.69824,-52.475,79.4702,20.5298,25.0464,45.4787,1.8341,2.7109,-79971847.0,0.0,0.838457230739648,901,True,Healthcare
acxp,Acurx Pharmaceuticals Inc,USD,NASDAQ NMS - GLOBAL MARKET,Biotechnology,B,Medium,BB,Medium,BB,Medium,235,301,305,841,BB,Medium,,,12092776.0,,7338505.0,,,-241.4545,,,,-0.946734666217252,1.56508781724618,-2.97592085716625,,44146523.5488,-128.9661,100.0,,0.0,21.9873,1.2818,4.5481,-12092776.0,1957186.0,0.300753532764755,841,True,Healthcare
adbe,Adobe Inc,USD,NASDAQ NMS - GLOBAL MARKET,Technology,B,Medium,B,Medium,B,Medium,200,221,200,621,B,Medium,17606000000.0,2165000000.0,9343000000.0,15441000000.0,1219000000.0,17606000000.0,442000000.0,32.9728,25.6388,26.1606,40.9216117772044,20.4717611438183,6.92930723791901,248.376775510204,5.53014290582756,269353500000.0,17.5078,61.9796,38.0204,22.7118,48.2754,1.9333,1.1068,4756000000.0,80542873.0,0.103041717547723,621,True,Tech
adma,ADMA Biologics Inc,USD,NASDAQ NMS - GLOBAL MARKET,Biotechnology,B,Medium,B,Medium,BB,Medium,240,264,320,824,BB,Medium,154079692.0,118814535.0,74630237.0,35265157.0,52458024.0,154079692.0,13911171.0,-44.9631,-24.8298,-22.3549,-6.54108265055515,-29.9578336205948,12.9912799289011,55.7212673070293,12.8137559428662,276097481.97,-18.9128,19.9844,80.0156,48.4496,56.3871,2.2929,6.8862,-65903950.0,5274356.0,0.330067087639265,824,True,Healthcare
adi,Analog Devices Inc,USD,NASDAQ NMS - GLOBAL MARKET,Semiconductors,BB,Medium,BB,Medium,BB,Medium,350,318,300,968,BBB,High,12013953000.0,4481479000.0,3979265000.0,7532474000.0,,12013953000.0,699308000.0,7.3829,6.2626,6.3899,37.5458244573597,55.670202293833,4.19612207704673,-301.567519564636,12.736269809524,92337372217.44,5.4641,17.653,82.347,15.2244,27.5077,1.3795,2.0216,2748561000.0,83143905.0,0.183527734047142,968,True,Tech
adil,Adial Pharmaceuticals Inc,USD,NASDAQ NMS - GLOBAL MARKET,Pharmaceuticals,B,Medium,B,Medium,BB,Medium,200,203,300,703,B,Medium,,,13317127.0,,9140129.0,,,-244.4335,,-388.5683,-6.00690354311278,-0.192917142916389,0.749614801675205,-1.1920663140131,,56556122.4,-222.0801,72.9088,27.0912,0.0,42.8466,1.7497,2.6691,-12731416.0,2591974.0,0.0961205176968439,703,True,Healthcare
adus,Addus Homecare Corp,USD,NASDAQ NMS - GLOBAL MARKET,Health Care,B,Medium,B,Medium,B,Medium,210,215,218,643,B,Medium,951120000.0,651381000.0,231002000.0,299739000.0,216942000.0,,8300000.0,7.6208,5.8985,6.0139,19.1899623310437,39.5637561553504,2.87420190840357,-20.4749800644298,1.91450277257339,1490549400.0,4.9067,43.0758,56.9242,17.2181,32.458,1.4806,1.6989,46025000.0,11315699.0,0.09163855702234,643,True,Healthcare
acgl,Arch Capital Group Ltd,USD,NASDAQ NMS - GLOBAL MARKET,Insurance,A,High,BB,Medium,BB,Medium,500,300,300,1100,BBB,High,,,1329857000.0,,,9614808000.0,51672000.0,11.1652,,,,22.7040764847965,2.7758441356207,-809.120956371884,3.53011572170488,16843167088.3,3.089,,,73.0926,73.0761,3.7142,,1482423000.0,26188564.0,0.0666369448636553,1100,True,Financials
adpt,Adaptive Biotechnologies Corp,USD,NASDAQ NMS - GLOBAL MARKET,Life Sciences Tools and Services,B,Medium,BB,Medium,B,Medium,260,348,260,868,BB,Medium,185308000.0,57909000.0,327585000.0,127399000.0,88527000.0,185308000.0,16349000.0,-37.4834,-37.4834,-43.1293,-19.8873043104295,-10.7376584939383,4.63107427651805,-44.0714011596105,11.6000528393809,3967511851.9,-23.3906,27.9701,72.0299,0.0,45.822,1.8458,5.1203,-200368000.0,36909184.0,0.613171602458721,868,True,Healthcare
adsk,Autodesk Inc,USD,NASDAQ NMS - GLOBAL MARKET,Technology,A,High,BB,Medium,BB,Medium,555,304,310,1169,BBB,High,4386400000.0,418500000.0,3350300000.0,3967900000.0,571700000.0,4386400000.0,66500000.0,54.7779,16.3503,14.2952,93.5603655872185,101.819175050302,59.5973736897892,-207.564109926169,11.5365972095568,61854325126.23,5.7745,51.6828,48.3172,75.5774,90.1345,10.1364,0.6893,497000000.0,47111129.0,0.191610701332414,1169,True,Tech
adp,Automatic Data Processing Inc,USD,NASDAQ NMS - GLOBAL MARKET,Technology,A,High,BB,Medium,B,Medium,500,300,200,1000,BBB,High,16498300000.0,9461900000.0,3233200000.0,7036400000.0,,10505000000.0,553400000.0,66.3017,39.6691,47.468,21.4383215984,27.9239034492997,25.530896003981,8.54216880865163,4.99110810699527,103662232000.0,4.6757,92.1725,7.8275,48.0829,94.886,19.5542,0.9936,2948900000.0,54791545.0,-0.0667184879099268,1000,True,Tech
adtx,Aditxt Inc,USD,NASDAQ NMS - GLOBAL MARKET,Biotechnology,B,Medium,B,Medium,BB,Medium,210,224,305,739,B,Medium,933715.0,766779.0,27180082.0,166936.0,15985552.0,933715.0,367079.0,-2349.0526,-2339.1164,-530.3606,,-0.0070655882869058,0.0375242259052338,-0.0382807218922366,0.209231553525433,23818753.0563,-257.5616,65.9027,34.0973,0.0,51.5027,2.062,1.3018,-27649876.0,2449552.0,1.20398020213391,739,True,Healthcare
adv,Advantage Solutions Inc,USD,NASDAQ NMS - GLOBAL MARKET,Media,A,High,B,Medium,BB,Medium,515,269,328,1112,BBB,High,4049742000.0,3493183000.0,423442000.0,556559000.0,,4049742000.0,40455000.0,-76.5394,-35.916,-43.6759,13.3252488233642,-0.214226016383895,0.263118066220039,-7.0238556957606,0.0730267370291737,2542047687.04,-32.3128,19.8062,80.1938,64.4399,71.1553,3.4668,1.9261,-1377292000.0,22004282.0,0.076625918665869,1112,True,Consumer
aehr,Aehr Test Systems,USD,NASDAQ NMS - GLOBAL MARKET,Semiconductors,B,Medium,B,Medium,BB,Medium,290,262,300,852,BB,Medium,50829000.0,27164000.0,15865000.0,23665000.0,10047000.0,50829000.0,416000.0,30.27,28.8475,18.5334,-347.675965054113,112.040974914286,20.7650123152052,39.3571932547766,20.8303766145311,649035183.42,15.1617,97.1338,2.8662,0.0,18.1925,1.2224,5.4482,9450000.0,6450992.0,0.444335550910685,852,True,Tech
aehl,Antelope Enterprise Holdings Ltd,CNY,NASDAQ NMS - GLOBAL MARKET,Building,B,Medium,B,Medium,BB,Medium,238,237,325,800,BB,Medium,41114636.8779255,37106366.4819229,5619418.20061454,4008270.39600264,3267524.33736324,41114636.8779255,4020.33139017316,-223.1521,-190.8839,-589.6762,-0.308207743355856,-0.211665817299078,11.708940598212,-0.518625129297233,0.0428126043099037,9501995.82,-48.7646,91.3735,8.6265,89.3403,94.123,17.0156,1.1471,-7702380.61051604,617234.442753353,0.227048874104681,800,True,Industrials
aei,Alset Ehome International Inc,USD,NASDAQ NMS - GLOBAL MARKET,Real Estate,A,High,B,Medium,B,Medium,520,207,210,937,BBB,High,4480442.0,3731990.0,7837826.0,748452.0,7837826.0,4480442.0,7424380.0,-41.5813,-41.1221,-29.4123,4.01626091878478,-1.73911781322527,0.511561806726295,-1.66551683697618,15.7168671193601,48751592.868,-30.1078,67.2175,32.7825,0.0092,3.145,1.0325,29.4083,-46212505.0,9076492.0,0.914529957878065,937,True,Real_Assets
aeis,Advanced Energy Industries Inc,USD,NASDAQ NMS - GLOBAL MARKET,Electrical Equipment,A,High,BB,Medium,BB,Medium,500,300,300,1100,BBB,High,1845422000.0,1169916000.0,435597000.0,675506000.0,,1845422000.0,58885000.0,20.6141,13.8042,13.0157,16.7103100136902,59.2017052934989,11.0856028357813,-138.160839690722,6.40515420261599,3422854340.0,10.0231,42.4498,57.5502,30.4906,46.4771,1.8684,3.0239,199676000.0,19834064.0,0.223057641088548,1100,True,Industrials
aep,American Electric Power Company Inc,USD,NASDAQ NMS - GLOBAL MARKET,Utilities,A,High,BB,Medium,BB,Medium,500,300,300,1100,BBB,High,19639500000.0,11550100000.0,4347900000.0,8089400000.0,,19639500000.0,6772400000.0,9.9414,3.7755,3.6235,14.2600607034602,30.3209835078667,2.92224806695893,665.619154608468,3.5620343261972,44859742974.55,2.4667,21.0204,78.9796,62.4034,74.1431,3.8674,0.6466,2305600000.0,38187186.0,-0.116830335009606,1100,True,Real_Assets
aemd,Aethlon Medical Inc,USD,NASDAQ NMS - GLOBAL MARKET,Health Care,B,Medium,B,Medium,BB,Medium,200,262,315,777,BB,Medium,294165.0,,10715050.0,,10715050.0,,349193.0,-78.4235,,-60.7951,,-0.286604610117174,0.174241573682954,0.411673261051593,10.1483850900005,28659309.66,-53.6662,75.1703,24.8297,0.0,12.4964,1.1428,9.9542,-10420885.0,4405140.0,0.88779900696997,777,True,Healthcare
aeye,AudioEye Inc,USD,NASDAQ NMS - GLOBAL MARKET,Technology,B,Medium,BB,Medium,BB,Medium,235,301,308,844,BB,Medium,29913000.0,7219000.0,33123000.0,22694000.0,13381000.0,29913000.0,1249000.0,-171.6846,-169.6051,-98.1098,-4.70036998310947,-7.00675577494489,6.9035303616961,-6.06047778146244,2.44380312907432,80273700.0,-42.7092,79.9335,20.0665,0.4232,56.6522,2.3069,1.1721,-10433000.0,2893687.0,0.390122938586999,844,True,Tech
afcg,AFC Gamma Inc,USD,NASDAQ NMS - GLOBAL MARKET,Real Estate,B,Medium,B,Medium,B,Medium,255,204,226,685,B,Medium,,,,,4699676.0,74684642.0,,11.74,,,,1.70250246316715,0.180425613251305,1.96534845077037,0.963276941382306,374238401.12,6.921,,,34.6929,34.6929,1.5312,,35932397.0,2101343.0,0.202421809381092,685,True,Real_Assets
afbi,Affinity Bancshares Inc,USD,NASDAQ NMS - GLOBAL MARKET,Banking,B,Medium,B,Medium,B,Medium,200,207,200,607,B,Medium,,,,,,,1394000.0,5.9932,,,,16.9928879520606,1.03521910326806,-1.41865916128353,3.85423529234095,105838563.6,0.9016,,,85.2009,85.2009,6.7572,,7134000.0,3495112.0,0.0117193113916849,607,True,Financials
afrm,Affirm Holdings Inc,USD,NASDAQ NMS - GLOBAL MARKET,Technology,B,Medium,BB,Medium,BB,Medium,225,335,335,895,BB,Medium,,,,,577493000.0,1349292000.0,111705000.0,-27.2114,,,,-20.6482202807538,5.5788691500064,-102.992434664904,14.2600129708218,28479638628.48,-10.1439,,,62.4558,62.4558,2.6635,,-707417000.0,27928277.0,0.587646247521922,895,True,Tech
agen,Agenus Inc,USD,NASDAQ NMS - GLOBAL MARKET,Biotechnology,B,Medium,B,Medium,BB,Medium,290,245,300,835,BB,Medium,98024000.0,,278266000.0,,81007000.0,98024000.0,53062000.0,,343865.625,,-26.6233711797958,-0.600208737788198,-2.15559152974967,-1.16628850984928,1.34753058189831,827211270.2,-55.7738,40.3349,59.6651,-27.3468,113.2756,-7.5326,1.1279,-230656000.0,9544989.0,0.315051733536482,835,True,Healthcare
afya,Afya Ltd,BRL,NASDAQ NMS - GLOBAL MARKET,Diversified Consumer Services,B,Medium,B,Medium,B,Medium,290,203,205,698,B,Medium,440857456.724004,162701002.440915,152451743.316199,278156454.283089,151079042.572438,,31825002.9578152,14.1935,10.3666,7.3512,17.3939526708566,19.8019104657441,2.31252095003797,21.4715543096991,3.17612660006928,1446386771.84,5.4553,22.9324,77.0676,37.0523,54.856,2.2151,1.8082,74343140.2808489,0.0,0.21939841651869,698,True,Consumer
agmh,AGM Group Holdings Inc,USD,NASDAQ NMS - GLOBAL MARKET,Financial Services,B,Medium,B,Medium,B,Medium,205,204,210,619,B,Medium,242395556.0,195807066.0,30395048.0,46588490.0,,242395556.0,332308.0,41.3555,40.2189,37.6946,12.8252141488871,0.165272237484989,0.0622987321223333,-0.132138262728084,0.0078244195784678,63251620.8,9.1636,99.7191,0.2809,0.0,75.6898,4.1135,1.2359,11475639.0,311422.8,0.229254505435715,619,True,Financials
agio,Agios Pharmaceuticals Inc,USD,NASDAQ NMS - GLOBAL MARKET,Biotechnology,A,High,BB,Medium,BB,Medium,520,303,325,1148,BBB,High,14240000.0,1704000.0,401583000.0,12536000.0,121673000.0,14240000.0,4881000.0,-19.375,-19.3723,-21.0572,-4.07307751035052,-7.57043995237294,1.59412539393576,-27.4764048945465,123.23283366573,1785965811.4,-18.713,45.4149,54.5851,0.0,11.1328,1.1253,13.2969,-231801000.0,32537749.0,0.0681442878780087,1148,True,Healthcare
agnc,AGNC Investment Corp,USD,NASDAQ NMS - GLOBAL MARKET,Real Estate,BB,Medium,B,Medium,BB,Medium,382,242,305,929,BBB,High,,,,,,,,-13.105,,,,-9.28796209996639,1.77239815570237,13.6621444980964,-9.90383055462365,7853888000.0,-2.2996,,,84.7917,84.7917,6.5753,,-1190000000.0,1970000.0,0.055595175199821,929,True,Real_Assets
agys,Agilysys Inc,USD,NASDAQ NMS - GLOBAL MARKET,Technology,A,High,BB,Medium,BB,Medium,500,303,300,1103,BBB,High,162636000.0,61104000.0,92660000.0,101532000.0,27734000.0,162636000.0,1197000.0,3.7415,3.7411,3.4953,-60.1231002593154,438.21495807626,20.8969616554693,-920.866380891806,12.5076479708675,1098710769.78,2.1675,87.8403,12.1597,0.003,37.9895,1.6126,1.9054,4642000.0,3248781.0,0.352340349316677,1103,True,Tech
ahco,Adapthealth Corp,USD,NASDAQ NMS - GLOBAL MARKET,Health Care,B,Medium,B,Medium,B,Medium,210,211,235,656,B,Medium,2970595000.0,2553169000.0,227015000.0,417426000.0,162125000.0,,391423000.0,3.2905,1.607,1.5951,12.0811186544598,22.3727285267471,0.720908818166224,-15.0044801950559,0.522046273746505,3597148505.4,1.4011,14.9,85.1,50.4979,58.6604,2.419,1.283,73133000.0,18374869.0,-0.18576787372052,656,True,Healthcare
adtn,ADTRAN Inc,USD,NASDAQ NMS - GLOBAL MARKET,Communications,A,High,BB,Medium,BB,Medium,510,308,300,1118,BBB,High,1025536000.0,698284000.0,382646000.0,327252000.0,,1025536000.0,17072000.0,-0.3014,-0.2771,-0.183,149.89313961831,-513.576668370152,1.05189798456776,20.1859235416586,1.02010624051228,1120108290.0,-0.4723,84.4917,15.5083,10.666,30.7276,1.4436,1.806,-8888000.0,17755399.0,-0.050858768043611,1118,True,Tech
aip,Arteris Inc,USD,NASDAQ NMS - GLOBAL MARKET,Technology,A,High,B,Medium,BB,Medium,500,286,300,1086,BBB,High,50378000.0,4281000.0,74953000.0,46097000.0,16367000.0,50378000.0,1051000.0,-60.5646,-58.7389,-69.7811,-31.439463697487,-29.0862968824625,21.2224966756361,-16.4577168860791,15.8121881122712,665612697.02,-23.7084,55.9995,44.0005,4.3621,67.5067,3.0776,1.8574,-27387000.0,2689705.0,1.01172394926308,1086,True,Tech
airt,Air T Inc,USD,NASDAQ NMS - GLOBAL MARKET,Logistics and Transportation,B,Medium,B,Medium,BB,Medium,234,210,325,769,BB,Medium,177077000.0,135835000.0,32482000.0,41242000.0,29817000.0,,1530000.0,57.0087,8.3534,6.8121,,5.43347170845534,2.41242346849226,-7.85513676809102,0.335317284740537,72478602.95,5.8897,18.0615,81.9385,84.6572,82.4286,5.6911,4.1493,12227000.0,1472619.0,0.291821000176848,769,True,Transport
akba,Akebia Therapeutics Inc,USD,NASDAQ NMS - GLOBAL MARKET,Biotechnology,B,Medium,B,Medium,B,Medium,200,218,215,633,B,Medium,292602000.0,48754000.0,307030000.0,243848000.0,138699000.0,292602000.0,114000.0,-215.7673,-74.2221,-122.7287,-1.18442606276415,-4.02273224660228,39.8578615082424,-6.34655091545935,1.27255501401221,400022176.38,-26.3087,36.4264,63.5736,87.6134,97.3447,37.6611,1.4825,-92562000.0,9118460.0,0.0093288120700582,633,True,Healthcare
airg,Airgain Inc,USD,NASDAQ NMS - GLOBAL MARKET,Electrical Equipment,A,High,BB,Medium,BB,Medium,500,300,330,1130,BBB,High,75895000.0,47923000.0,36552000.0,27972000.0,14033000.0,75895000.0,763000.0,-20.6172,-20.6172,-21.7426,,-7.58081765099896,1.64826867645951,-25.1695935736196,0.864909414849463,107331110.0,-15.9173,88.5077,11.4923,0.0,26.7923,1.366,2.105,-8659000.0,4040943.0,0.131391264222061,1130,True,Industrials
airs,Airsculpt Technologies Inc,USD,NASDAQ NMS - GLOBAL MARKET,Health Care,B,Medium,B,Medium,B,Medium,210,201,205,616,B,Medium,168794000.0,62781000.0,109479000.0,106013000.0,,168794000.0,12921000.0,-19.0273,-9.1617,-9.5126,56.2311905089424,-13.8237739287417,2.86746710991154,-12.8993183840824,1.20217055997251,956454247.26,-7.3118,17.1686,82.8314,54.1407,64.7508,2.8369,0.7472,-14679000.0,9584350.0,0.778661277188456,616,True,Healthcare
akam,Akamai Technologies Inc,USD,NASDAQ NMS - GLOBAL MARKET,Technology,A,High,BB,Medium,BB,Medium,515,341,305,1161,BBB,High,3616654000.0,1383819000.0,1543032000.0,2232835000.0,584206000.0,3616654000.0,458302000.0,11.7809,7.9636,7.8802,14.0390301052046,32.4404042349028,3.89619329778746,3222.9427749004,4.69719563068516,18786337471.44,6.3067,20.7665,79.2335,34.3883,47.4891,1.9044,2.4052,523672000.0,32933542.0,-0.109330054653835,1161,True,Tech
akts,Akoustis Technologies Inc,USD,NASDAQ NMS - GLOBAL MARKET,Electrical Equipment,B,Medium,BB,Medium,BBB,High,222,302,428,952,BBB,High,,,,,,,,,,,,,,,,,,,,,,,,,,,952,True,Industrials
aktx,Akari Therapeutics PLC,USD,NASDAQ NMS - GLOBAL MARKET,Pharmaceuticals,B,Medium,B,Medium,BB,Medium,225,216,305,746,B,Medium,,,23088208.0,,13527311.0,,,-483.2476,,,,-0.347903629373765,3.44806867313991,1.58784552171385,,71395978.845,-128.3152,100.0,,0.0,87.0532,7.7239,1.1473,-17748062.0,6156083.0,0.242882155050062,746,True,Healthcare
alco,Alico Inc,USD,NASDAQ NMS - GLOBAL MARKET,Food Products,A,High,BB,Medium,BB,Medium,500,300,300,1100,BBB,High,91947000.0,106712000.0,10079000.0,-14765000.0,10079000.0,91947000.0,20731000.0,5.1277,3.4506,3.5134,6.16533092969621,24.581895818284,1.2565164805409,-14584.0876190476,3.33089540713672,279240711.96,2.9043,10.303,89.697,31.2663,39.1907,1.6445,1.9132,11886000.0,2644789.0,0.0629467418950671,1100,True,Consumer
aldx,Aldeyra Therapeutics Inc,USD,NASDAQ NMS - GLOBAL MARKET,Biotechnology,B,Medium,B,Medium,B,Medium,231,261,235,727,B,Medium,,,62679987.0,,15373921.0,,16317.0,-34.7727,-31.9647,-37.1755,-0.114807352515852,-1.7853602378255,0.733314113251554,-1.29710918446264,,232324860.0,-34.2126,50.7223,49.2777,9.4909,16.7044,1.2005,11.7849,-62024636.0,8070064.0,-0.0686370118037777,727,True,Healthcare
alec,Alector Inc,USD,NASDAQ NMS - GLOBAL MARKET,Biotechnology,B,Medium,B,Medium,BB,Medium,240,277,300,817,BB,Medium,133617000.0,,271451000.0,,61033000.0,133617000.0,4117000.0,-51.7542,-51.7542,-62.166,-41.9962470479046,-1.75507217553072,1.0910580563509,-1.33827152085752,1.75103970093626,1693014864.8,-16.9251,16.3657,83.6343,0.0,72.7744,3.673,7.7438,-133310000.0,25205767.0,-0.482755160431319,817,True,Healthcare
algm,Allegro Microsystems Inc,USD,NASDAQ NMS - GLOBAL MARKET,Semiconductors,A,High,BB,Medium,B,Medium,542,314,250,1106,BBB,High,768674000.0,361214000.0,272810000.0,407460000.0,,768674000.0,69941000.0,18.0925,17.4322,15.7474,141.100244384266,48.4614291465325,7.88147466600019,67.3459553803361,7.52807285025902,6866860706.1,13.3937,66.2756,33.7244,3.2929,17.6175,1.2138,4.9096,119555000.0,38550022.0,0.621170122028268,1106,True,Tech
alf,Alfi Inc,USD,NASDAQ NMS - GLOBAL MARKET,Technology,B,Medium,B,Medium,BB,Medium,225,260,315,800,BB,Medium,,,,,,,,,,,,,,,,,,,,,,,,,,,800,True,Tech
algn,Align Technology Inc,USD,NASDAQ NMS - GLOBAL MARKET,Health Care,B,Medium,B,Medium,B,Medium,235,285,255,775,BB,Medium,3734635000.0,1100860000.0,1991180000.0,2633775000.0,,3734635000.0,291900000.0,10.0102,10.0102,10.0399,44.9202340640197,34.9596360003651,3.50991500083024,-80.1124351490646,3.38465752812792,51726637800.0,6.079,82.0718,17.9282,0.0,39.4521,1.6516,1.2588,361573000.0,35678643.0,0.0761071896942541,775,True,Healthcare
algs,Aligos Therapeutics Inc,USD,NASDAQ NMS - GLOBAL MARKET,Biotechnology,B,Medium,B,Medium,B,Medium,210,222,235,667,B,Medium,13907000.0,,111487000.0,,26410000.0,,943000.0,-66.5528,-66.3833,-92.1411,-2.14718166584948,-0.512193753826292,0.473476046968239,-0.466215823650941,3.53736688574099,506733018.23,-65.4742,77.4169,22.5831,0.3243,29.1718,1.4119,4.0311,-96046000.0,4522947.0,0.117351267602329,667,True,Healthcare
alhc,Alignment Healthcare LLC,USD,NASDAQ NMS - GLOBAL MARKET,Health Care,B,Medium,BB,Medium,B,Medium,210,302,256,768,BB,Medium,1434159000.0,,1562798000.0,,,1434159000.0,23774000.0,-54.9637,-34.523,-37.1337,-12.9275713353183,-23.1007890270617,14.5076711347354,-60.5537798922017,2.408835907755,2631942198.78,-23.6075,58.2827,41.7173,40.8715,62.247,2.6488,2.368,-149639000.0,57125359.0,0.467700973129449,768,True,Healthcare
alks,Alkermes Plc,USD,NASDAQ NMS - GLOBAL MARKET,Biotechnology,BBB,High,BB,Medium,BB,Medium,415,302,333,1050,BBB,High,1111795000.0,218108000.0,1035952000.0,893687000.0,,1111795000.0,38255000.0,-14.6792,-11.5296,-11.8373,77.9254360948564,-31.5047737385557,4.77715132342614,-110.629141250028,4.4847890351009,3766662226.02,-8.0585,54.0892,45.9108,21.9346,46.8552,1.8817,2.2709,-158267000.0,32292074.0,0.0425717059604686,1050,True,Healthcare
algt,Allegiant Travel Co,USD,NASDAQ NMS - GLOBAL MARKET,Airlines,B,Medium,B,Medium,B,Medium,287,208,248,743,B,Medium,2301829000.0,,2175571000.0,,,2301829000.0,434690000.0,0.204,0.0793,0.0761,10.7331324727852,621.219829691135,1.26870121473124,-9.9752087560465,0.672813243477252,3387552702.24,0.0553,26.4338,73.5662,63.2062,72.9413,3.6957,1.465,2493000.0,23817845.0,-0.0886673275781111,743,True,Transport
alkt,Alkami Technology Inc,USD,NASDAQ NMS - GLOBAL MARKET,Technology,B,Medium,BB,Medium,B,Medium,280,305,260,845,BB,Medium,204270000.0,95946000.0,178542000.0,108324000.0,71247000.0,204270000.0,4702000.0,-17.2694,-14.8759,-13.9982,-35.6824725474587,-29.3447087508532,5.14779381522305,-8.57155641246754,8.41826960787193,1804490419.42,-11.9865,26.8757,73.1243,20.2042,31.6719,1.4635,5.8193,-58600000.0,13717551.0,0.185614554071511,845,True,Tech
alny,Alnylam Pharmaceuticals Inc,USD,NASDAQ NMS - GLOBAL MARKET,Biotechnology,BB,Medium,BB,Medium,BB,Medium,331,346,325,1002,BBB,High,1037418000.0,168817000.0,1653673000.0,868601000.0,770658000.0,1037418000.0,72059000.0,,-106.5812,-131.726,-31.7552617035529,-38.4753393298891,-275.065009101332,937.905112493589,41.9518563732652,20380463560.0,-31.8963,20.7288,79.2712,118.4255,104.4616,-22.4137,3.5059,-1131156000.0,22897870.0,0.29519899654895,1002,True,Healthcare
allt,Allot Ltd,USD,NASDAQ NMS - GLOBAL MARKET,Technology,A,High,BB,Medium,BB,Medium,508,324,310,1142,BBB,High,122737000.0,39831000.0,115175000.0,82906000.0,15982000.0,122737000.0,5642000.0,-28.0988,-23.9427,-22.6284,,-9.40565807992507,2.95434309376011,521.216657958478,2.45454287052804,433518782.4,-15.0409,54.6053,45.3947,27.9587,52.1148,2.0883,2.5052,-32030000.0,3507330.0,0.469158937562394,1142,True,Tech
allo,Allogene Therapeutics Inc,USD,NASDAQ NMS - GLOBAL MARKET,Biotechnology,A,High,BB,Medium,BB,Medium,535,324,305,1164,BBB,High,243000.0,,335692000.0,,79305000.0,,5191000.0,-42.0448,-42.0448,-49.9545,-8.08826161455116,-1.76623051059429,0.882311543093997,-5.27335775244592,2417.71517366255,2127936129.8,-40.7099,36.0547,63.9453,0.0,18.506,1.2271,9.7,-332632000.0,49053662.0,-0.253866335644357,1164,True,Healthcare
amat,Applied Materials Inc,USD,NASDAQ NMS - GLOBAL MARKET,Semiconductors,A,High,BB,Medium,BB,Medium,525,317,300,1142,BBB,High,25785000000.0,13792000000.0,4209000000.0,11993000000.0,735000000.0,25785000000.0,787000000.0,53.3939,36.9165,36.9667,19.2603933413813,41.1764935590575,22.0335099616902,-89.5290304807897,10.419880569046,139816444705.28,24.4144,50.7776,49.2224,30.9161,54.374,2.1917,2.1582,6525000000.0,59545547.0,0.278976101125441,1142,True,Tech
amd,Advanced Micro Devices Inc,USD,NASDAQ NMS - GLOBAL MARKET,Semiconductors,B,Medium,B,Medium,B,Medium,200,208,200,608,B,Medium,23601000000.0,12998000000.0,9441000000.0,10603000000.0,,23601000000.0,450000000.0,4.2412,4.0599,2.307,41.1514272007676,251.688498089477,6.06810625530794,144.447311947004,14.0768957873866,173687300000.0,1.9532,49.6415,50.3585,4.3117,18.9849,1.2343,2.3581,1320000000.0,59793969.0,0.266973706515647,608,True,Tech
avgo,Broadcom Inc,USD,NASDAQ NMS - GLOBAL MARKET,Semiconductors,B,Medium,B,Medium,B,Medium,210,212,200,622,B,Medium,33203000000.0,11108000000.0,7813000000.0,22095000000.0,,33203000000.0,424000000.0,48.1991,18.1105,18.0364,20.5994866812184,127.44474607676,64.5108704105139,5790.42433261802,44.1218370675047,274730467046.88,15.693,13.9533,86.0467,63.5044,68.9975,3.2255,2.6239,11495000000.0,81092626.0,0.0776379359286097,622,True,Tech
amzn,Amazon.com Inc,USD,NASDAQ NMS - GLOBAL MARKET,Retail,AA,Excellent,BB,Medium,BBB,High,668,305,460,1433,A,High,513983000000.0,288831000000.0,212904000000.0,225152000000.0,11891000000.0,513983000000.0,58321000000.0,-1.915,-1.3604,-1.2768,23.2657299626077,-818.488419309258,15.255270552918,125.333341435632,4.33462872772018,1697179060000.0,-0.5883,49.0768,50.9232,31.4973,68.4351,3.1681,0.9446,-2722000000.0,42919191.0,0.0220490529854022,1433,True,Consumer
aihs,Senmiao Technology Ltd,USD,NASDAQ NMS - GLOBAL MARKET,Financial Services,B,Medium,B,Medium,B,Medium,220,203,200,623,B,Medium,4913102.0,6511031.0,9821085.0,-1597929.0,,4913102.0,3365722.0,3.8628,2.6393,-5.7135,-3.45702714807802,26.3606743483321,0.929218963001553,-2.30468689374394,1.53057210088453,22860003.78,17.3238,95.0285,4.9715,5.0978,32.6408,1.4846,0.9082,3443639.0,657501.0,0.467904748136289,623,True,Financials
apa,APA Corp (US),USD,NASDAQ NMS - GLOBAL MARKET,Energy,A,High,BB,Medium,BB,Medium,510,316,325,1151,BBB,High,12289000000.0,3376000000.0,2500000000.0,8913000000.0,483000000.0,12132000000.0,1807000000.0,-615.0171,61.1314,62.5255,4.46871572544387,4.19510631875694,35.7427025361702,-265.248476715789,1.23030052671495,9328968270.85,31.0489,24.7077,75.2923,92.8012,89.7695,9.7747,0.9287,4082000000.0,39077487.0,0.245323022848917,1151,True,Energy_Materials
biib,Biogen Inc,USD,NASDAQ NMS - GLOBAL MARKET,Biotechnology,BB,Medium,BB,Medium,BB,Medium,380,303,364,1047,BBB,High,10173400000.0,2278300000.0,4892400000.0,7895100000.0,,10173400000.0,243200000.0,25.0835,16.1006,15.4831,16.5613169056756,9.20269269082674,2.09284174084595,24.2159809652647,2.75617633826253,35268240000.0,12.0615,29.3112,70.6888,31.9174,45.4739,1.834,2.9917,2961600000.0,91131696.0,-0.130982535452296,1047,True,Healthcare
bkng,Booking Holdings Inc,USD,NASDAQ NMS - GLOBAL MARKET,Hotels Restaurants and Leisure,A,High,BB,Medium,BB,Medium,558,306,310,1174,BBB,High,17090000000.0,,12187000000.0,,934000000.0,17090000000.0,368000000.0,68.2589,18.8935,20.0301,46.5136812071152,43.6441721520471,47.9740756437671,121.441199673303,7.80947211474312,99124976796.67,12.0579,37.5304,62.4696,81.7777,89.0304,9.1161,1.8643,3058000000.0,62385515.0,-0.0987054977595364,1174,True,Consumer
cdns,Cadence Design Systems Inc,USD,NASDAQ NMS - GLOBAL MARKET,Technology,A,High,BB,Medium,B,Medium,500,308,295,1103,BBB,High,3561718000.0,371623000.0,2116354000.0,3190095000.0,242116000.0,3561718000.0,124215000.0,30.951,25.7983,24.3031,55.7326772544501,91.2618806742431,28.2235944830541,-374.982242926022,21.7526924147729,51645225350.0,16.526,56.3428,43.6572,21.4153,46.5627,1.8714,1.2664,848952000.0,76602124.0,0.0607108322284462,1103,True,Tech
cdw,CDW Corp,USD,NASDAQ NMS - GLOBAL MARKET,Electrical Equipment,B,Medium,B,Medium,B,Medium,225,209,200,634,B,Medium,23748700000.0,19062100000.0,2951400000.0,4686600000.0,,23748700000.0,127800000.0,96.5353,14.7712,14.8087,21.1050664875756,14.0255208558457,9.74954343780952,273.755569069002,0.658202048694876,27604344000.0,8.4872,42.913,57.087,78.6965,87.7904,8.1903,1.3268,1114500000.0,30262681.0,0.102649498770485,634,True,Industrials
chrw,CH Robinson Worldwide Inc,USD,NASDAQ NMS - GLOBAL MARKET,Logistics and Transportation,A,High,BB,Medium,BB,Medium,575,330,338,1243,A,High,24696625000.0,21103448000.0,2326395000.0,3593177000.0,,24696625000.0,128497000.0,55.7289,25.8823,28.2684,13.8544207085447,21.00828925533,14.5991422066288,-494.82357675941,0.800060746906916,13904289180.0,15.795,72.218,27.782,59.3216,77.2708,4.3996,1.0802,940524000.0,21118004.0,0.0955538678493355,1243,True,Transport
cinf,Cincinnati Financial Corp,USD,NASDAQ NMS - GLOBAL MARKET,Insurance,B,Medium,B,Medium,B,Medium,235,275,250,760,BB,Medium,,,2185000000.0,,,6557000000.0,15000000.0,-4.1124,,,,-50.4714799197531,2.3292317197797,196.233113928,3.7409088365106,18262979000.0,-1.6344,,,64.585,64.585,2.8237,,-486000000.0,27803763.0,0.0030676105458821,760,True,Financials
chtr,Charter Communications Inc,USD,NASDAQ NMS - GLOBAL MARKET,Media,A,High,BB,Medium,BB,Medium,500,300,300,1100,BBB,High,54022000000.0,,41779000000.0,,,54022000000.0,8823000000.0,43.6359,4.7614,4.7366,12.7457003932429,6.10264799776459,3.3829241834302,701.111037015909,0.571043012637444,112622104286.89,4.0471,9.142,90.858,91.4554,91.317,11.5167,0.3329,5849000000.0,89285488.0,-0.203361717513322,1100,True,Consumer
cmcsa,Comcast Corp,USD,NASDAQ NMS - GLOBAL MARKET,Media,A,High,BB,Medium,BB,Medium,507,343,315,1165,BBB,High,121427000000.0,,107386000000.0,,,121427000000.0,13767000000.0,6.0666,2.8485,2.968,9.68895286066359,19.2421111634413,1.27656326531528,-25.8583926295495,0.850965081470184,228157482257.25,1.9143,15.914,84.086,55.2615,68.1123,3.136,0.7827,4925000000.0,97183518.0,-0.145751670984371,1165,True,Consumer
cprt,Copart Inc,USD,NASDAQ NMS - GLOBAL MARKET,Commercial Services and Supplies,B,Medium,B,Medium,B,Medium,270,204,205,679,B,Medium,3500921000.0,1894700000.0,231224000.0,1606221000.0,231224000.0,3500921000.0,337448000.0,26.7359,25.4869,23.5572,28.1727337736419,29.1874143961179,6.87869312831484,94.7034194574613,9.08848730252411,35962514456.82,20.5341,64.5268,35.4732,0.0431,12.8703,1.1477,4.9955,1090130000.0,38366669.0,0.0651046796484727,679,True,Industrials
cost,Costco Wholesale Corp,USD,NASDAQ NMS - GLOBAL MARKET,Retail,A,High,BB,Medium,B,Medium,537,306,225,1068,BBB,High,226954000000.0,199382000000.0,19779000000.0,27572000000.0,,226954000000.0,3891000000.0,30.5921,22.3677,21.4861,28.6871868585962,74.3710148547228,21.0553343092239,-411.966076598104,1.91503216868176,251736622302.2,9.2183,73.5265,26.4735,24.1075,67.8225,3.1078,1.0218,5915000000.0,35589112.0,-0.0020995964048191,1068,True,Consumer
csx,CSX Corp,USD,NASDAQ NMS - GLOBAL MARKET,Road and Rail,A,High,BB,Medium,BB,Medium,510,310,325,1145,BBB,High,14853000000.0,,9068000000.0,,,14853000000.0,2133000000.0,31.9173,13.7678,13.5869,13.6891322607959,17.6537377341455,5.83000169642885,-261.727656229359,4.95155668218205,82787191200.0,9.9399,8.4372,91.5628,58.8579,69.8774,3.3198,1.5577,4166000000.0,50842205.0,0.0967730717965789,1145,True,Transport
ctsh,Cognizant Technology Solutions Corp,USD,NASDAQ NMS - GLOBAL MARKET,Technology,AA,Excellent,BB,Medium,BB,Medium,605,365,300,1270,A,High,19428000000.0,12448000000.0,4012000000.0,6980000000.0,,19428000000.0,332000000.0,18.8477,17.8836,17.6766,13.4756133609223,12.6892064887336,2.36073465425299,57.8850256159363,1.49569090277949,46578000000.0,12.8277,60.3825,39.6175,4.9865,31.0497,1.4503,2.1709,2290000000.0,47289975.0,0.0645503241876231,1270,True,Tech
cme,CME Group Inc,USD,NASDAQ NMS - GLOBAL MARKET,Financial Services,BB,Medium,B,Medium,B,Medium,375,237,200,812,BB,Medium,5019400000.0,,2003500000.0,,,5019400000.0,89700000.0,9.9156,8.7997,8.7647,22.3228818621974,40.1205606629431,4.01672806884187,-4.73206498844996,21.5094291636411,81926212920.0,1.545,93.4761,6.5239,11.3415,84.5681,6.4801,1.0101,2691000000.0,39852400.0,0.0782636362491727,812,True,Financials
csco,Cisco Systems Inc,USD,NASDAQ NMS - GLOBAL MARKET,Communications,B,Medium,B,Medium,B,Medium,280,234,220,734,B,Medium,51557000000.0,19309000000.0,18273000000.0,32248000000.0,2101000000.0,51557000000.0,477000000.0,29.1482,23.1406,23.9653,18.0155774692336,27.4740274577311,8.15938481710507,-238.094799949171,6.29445492039335,267269727390.35,12.5657,47.281,52.719,19.3049,57.6892,2.3635,1.432,11812000000.0,93690042.0,0.0013672830580051,734,True,Tech
ctas,Cintas Corp,USD,NASDAQ NMS - GLOBAL MARKET,Commercial Services and Supplies,A,High,BB,Medium,BB,Medium,500,300,300,1100,BBB,High,7854459000.0,4222213000.0,2044876000.0,3632246000.0,,7854459000.0,240672000.0,35.3273,20.0391,20.246,27.2452341044623,54.6396797486075,20.4103283865587,-167.476583584303,8.59656492281645,45971165705.92,15.1678,29.6109,70.3891,45.8002,59.395,2.4627,1.8368,1235757000.0,20497364.0,0.14113967461365,1100,True,Industrials
czr,Caesars Entertainment Inc,USD,NASDAQ NMS - GLOBAL MARKET,Hotels Restaurants and Leisure,B,Medium,B,Medium,B,Medium,265,228,200,693,B,Medium,10821000000.0,5401000000.0,3667000000.0,5420000000.0,2068000000.0,10821000000.0,952000000.0,-21.9456,-3.0074,-3.0904,188.711231207572,-6.08751974937709,1.47392411922704,-7.6221173463649,0.505746257710933,19994829183.44,-2.7142,8.9602,91.0398,87.2362,88.812,8.9381,0.7879,-910000000.0,54604949.0,-0.0710931857973721,693,True,Consumer
dltr,Dollar Tree Inc,USD,NASDAQ NMS - GLOBAL MARKET,Retail,B,Medium,B,Medium,B,Medium,235,208,215,658,B,Medium,26321200000.0,18583900000.0,5925900000.0,7737300000.0,,26321200000.0,1022800000.0,17.7008,12.2687,11.9249,14.0472866238808,15.7479012123127,2.70928781755911,-49.1691465314601,0.794478899891722,31610825410.68,6.1132,29.8258,70.1742,30.6856,64.4666,2.8143,1.343,1327900000.0,27459730.0,0.106728978959058,658,True,Consumer
dxcm,Dexcom Inc,USD,NASDAQ NMS - GLOBAL MARKET,Health Care,B,Medium,B,Medium,B,Medium,215,236,215,666,B,Medium,2909800000.0,1026700000.0,1491900000.0,1883100000.0,,2909800000.0,364800000.0,15.5682,8.3495,8.1986,189.718557448351,74.547823586694,11.9315683496482,-61.9929744279308,8.74139714337068,52084150000.0,6.3282,56.422,43.578,48.7757,60.4615,2.5292,1.9947,341200000.0,36407634.0,0.0238541174447737,666,True,Healthcare
ea,Electronic Arts Inc,USD,NASDAQ NMS - GLOBAL MARKET,Media,BB,Medium,BB,Medium,B,Medium,360,300,225,885,BB,Medium,6991000000.0,1859000000.0,4003000000.0,5132000000.0,673000000.0,6991000000.0,188000000.0,10.2037,8.2106,8.3026,30.7159967186218,64.041479330583,6.62671832024,-19.9876294271479,7.22768233326134,37195800000.0,5.7174,56.8907,43.1093,19.7622,44.7464,1.8098,1.1816,789000000.0,69020233.0,0.249903894466808,885,True,Consumer
lnt,Alliant Energy Corp,USD,NASDAQ NMS - GLOBAL MARKET,Utilities,A,High,BB,Medium,BB,Medium,519,307,300,1126,BBB,High,4205000000.0,389000000.0,2888000000.0,3816000000.0,,4205000000.0,1484000000.0,11.1854,4.7528,4.5752,14.8420269215319,26.336318725277,2.87869895563098,-1129.16966534625,4.29648386338645,15396669297.63,3.4023,17.0159,82.9841,58.1433,68.8737,3.2127,0.529,686000000.0,17558513.0,-0.126912411659572,1126,True,Real_Assets
fang,Diamondback Energy Inc,USD,NASDAQ NMS - GLOBAL MARKET,Energy,A,High,B,Medium,BB,Medium,513,271,300,1084,BBB,High,9643000000.0,258000000.0,2863000000.0,9385000000.0,144000000.0,9643000000.0,3421000000.0,32.3726,21.9125,20.6332,6.13029956335485,12.9678149913247,3.7895153942268,-111.962276677067,5.89825122388779,19148912773.95,17.4062,16.3133,83.6867,29.3927,40.1351,1.6704,0.8112,4562000000.0,39524024.0,0.250317420629216,1084,True,Energy_Materials
ebay,eBay Inc,USD,NASDAQ NMS - GLOBAL MARKET,Retail,A,High,BB,Medium,BB,Medium,500,302,305,1107,BBB,High,9795000000.0,2680000000.0,4765000000.0,7115000000.0,963000000.0,9795000000.0,449000000.0,-16.9982,-7.5757,-8.7869,41.3591304347826,-31.5718203309693,7.77501261401126,46.2640184757506,4.09031546707504,39501000000.0,-6.0863,27.209,72.791,64.3193,75.2854,4.0462,2.1751,-1269000000.0,63272949.0,0.172573477279703,1107,True,Consumer
lkq,LKQ Corp,USD,NASDAQ NMS - GLOBAL MARKET,Distributors,A,High,BB,Medium,BB,Medium,515,300,305,1120,BBB,High,12794000000.0,7571000000.0,3781000000.0,5223000000.0,,12794000000.0,222000000.0,20.4726,13.7665,14.1694,10.9299344672843,6.58568358368146,1.38766741933798,1891.7376094125,0.591445242899015,17229510450.0,9.5531,34.6876,65.3124,32.7537,54.3861,2.1923,1.8749,1150000000.0,31923749.0,0.142982127796031,1120,True,Industrials
googl,Alphabet Inc,USD,NASDAQ NMS - GLOBAL MARKET,Media,B,Medium,BB,Medium,BB,Medium,295,362,355,1012,BBB,High,282836000000.0,126203000000.0,81791000000.0,156633000000.0,15724000000.0,282836000000.0,31485000000.0,23.6213,22.3236,22.1426,18.6985879642626,56.6645974788235,13.267104597414,3638.42531049251,12.0150519735819,1917098341290.0,16.4188,63.5081,36.4919,5.4278,29.8743,1.426,2.378,59972000000.0,353418692.0,0.0616873620973684,1012,True,Consumer
mar,Marriott International Inc,USD,NASDAQ NMS - GLOBAL MARKET,Hotels Restaurants and Leisure,B,Medium,B,Medium,B,Medium,215,200,215,630,B,Medium,20773000000.0,,17299000000.0,,,20773000000.0,332000000.0,237.9415,21.2586,22.1783,33.7379817889663,36.6056270652926,151.964909542183,-96.3348980133482,4.15520476676263,53917812000.0,9.5023,30.2677,69.7323,94.6576,97.7111,43.6884,0.4514,2358000000.0,39134244.0,-0.118421821280299,630,True,Consumer
mchp,Microchip Technology Inc,USD,NASDAQ NMS - GLOBAL MARKET,Semiconductors,A,High,BB,Medium,BB,Medium,500,300,300,1100,BBB,High,6820900000.0,2371300000.0,2570500000.0,4449600000.0,,6820900000.0,370100000.0,22.8902,9.2404,9.4646,29.1042627430741,27.0252014030338,5.89348178116306,928.900973358289,5.09330094321864,48404373523.14,7.9354,13.5763,86.4237,56.5991,63.6112,2.7481,1.7531,1285500000.0,29577494.0,0.249392333015019,1100,True,Tech
lrcx,Lam Research Corp,USD,NASDAQ NMS - GLOBAL MARKET,Semiconductors,A,High,BB,Medium,BB,Medium,510,325,315,1150,BBB,High,17227039000.0,9355232000.0,2489985000.0,7871807000.0,,17227039000.0,546034000.0,74.8489,41.2788,40.8118,20.9235200175061,57.3829549391721,42.0913529125253,-294.539122752072,15.340124267438,100878766250.0,26.7817,41.8123,58.1877,44.3614,63.4886,2.7389,2.6913,4605286000.0,36986149.0,0.281773933238737,1150,True,Tech
mdlz,Mondelez International Inc,USD,NASDAQ NMS - GLOBAL MARKET,Food Products,A,High,BB,Medium,BB,Medium,520,307,300,1127,BBB,High,31496000000.0,20184000000.0,7516000000.0,11312000000.0,,31496000000.0,906000000.0,9.8528,5.5678,5.4541,16.4523229622321,27.1655037250718,2.74555197042815,-45.9867125364611,2.34343007432753,92279021041.09,3.8307,37.8179,62.1821,46.0354,62.1703,2.6434,0.6031,2726000000.0,40193345.0,-0.0656502542787912,1127,True,Consumer
meta,Meta Platforms Inc,USD,NASDAQ NMS - GLOBAL MARKET,Media,B,Medium,B,Medium,B,Medium,205,232,215,652,B,Medium,116609000000.0,25249000000.0,62416000000.0,91360000000.0,11816000000.0,116609000000.0,31431000000.0,18.5162,17.8109,17.1046,16.423944362998,59.6996896016621,11.0174190319105,-1091.4364056411,11.8775806220666,921935350000.0,12.4915,45.0328,54.9672,7.3159,32.313,1.4774,2.2034,23200000000.0,165999516.0,0.166735126016152,652,True,Consumer
mktx,Marketaxess Holdings Inc,USD,NASDAQ NMS - GLOBAL MARKET,Financial Services,B,Medium,B,Medium,B,Medium,230,213,210,653,B,Medium,,,,,19200000.0,718300000.0,51872000.0,23.5793,,,,23.6852050195025,5.48205079562998,-112.027800706954,8.25892801114827,15594929034.12,15.5634,,,32.7584,32.7584,1.4872,,250224000.0,20192236.0,0.0003352494583413,653,True,Financials
mnst,Monster Beverage Corp,USD,NASDAQ NMS - GLOBAL MARKET,Beverages,A,High,BB,Medium,BB,Medium,515,344,300,1159,BBB,High,6311050000.0,3136483000.0,1589846000.0,3174567000.0,,6311050000.0,212153000.0,17.5342,17.5342,16.9625,26.5909934425839,59.0924045112552,10.0235610629632,-3644.52810068423,11.1575613302572,50836180920.0,14.3689,79.0164,20.9836,0.0,15.2906,1.1805,4.7555,1191624000.0,36824665.0,0.024059997214228,1159,True,Consumer
mrna,Moderna Inc,USD,NASDAQ NMS - GLOBAL MARKET,Biotechnology,A,High,BB,Medium,BB,Medium,500,300,300,1100,BBB,High,19263000000.0,5416000000.0,4427000000.0,13847000000.0,,19263000000.0,400000000.0,50.2705,47.6399,41.4042,7.16674821310147,2.54067904775652,1.11097412525963,-5.83177551395553,1.10289976625344,102353940000.0,32.3382,73.0958,26.9042,5.3129,26.0461,1.3522,2.7282,8362000000.0,57657425.0,0.180145353738818,1100,True,Healthcare
mtch,Match Group Inc,USD,NASDAQ NMS - GLOBAL MARKET,Media,B,Medium,BB,Medium,BB,Medium,245,389,311,945,BBB,High,3188843000.0,959963000.0,1713875000.0,2228880000.0,435868000.0,3188843000.0,49125000.0,,10.0521,10.4132,125.824695643175,19.8034412215358,-19.9174055890795,-29.4975075160496,2.24776708554482,37488951671.5,8.6048,12.2501,87.7499,110.3536,108.58,-11.655,1.586,359919000.0,83588580.0,0.295501755083108,945,True,Consumer
mpwr,Monolithic Power Systems Inc,USD,NASDAQ NMS - GLOBAL MARKET,Semiconductors,BB,Medium,B,Medium,B,Medium,330,287,235,852,BB,Medium,1794148000.0,745596000.0,513766000.0,1048552000.0,,1794148000.0,58843000.0,30.0538,30.0538,26.2299,73.9331575433912,118.766101189932,31.152184307582,523.259482987719,28.9723016384379,22819472480.0,21.2577,67.4895,32.5105,0.0,18.956,1.2339,5.3554,437672000.0,47785343.0,0.215433975700261,852,True,Tech
msft,Microsoft Corp,USD,NASDAQ NMS - GLOBAL MARKET,Technology,AA,Excellent,BBB,High,BB,Medium,715,443,375,1533,A,High,198270000000.0,62650000000.0,52237000000.0,135620000000.0,5900000000.0,198270000000.0,23886000000.0,47.1513,34.9318,33.6247,30.0294007094698,37.3609045195595,16.3175503653356,-9274.94018069529,13.7063472685919,2522400000000.0,19.937,47.949,52.051,23.0123,54.352,2.1907,1.7846,72738000000.0,139165538.0,-0.0357575891307862,1533,True,Tech
mu,Micron Technology Inc,USD,NASDAQ NMS - GLOBAL MARKET,Semiconductors,A,High,BB,Medium,BB,Medium,530,330,300,1160,BBB,High,30758000000.0,16860000000.0,4182000000.0,13898000000.0,,30758000000.0,12067000000.0,18.5145,16.1586,15.2905,8.11941478845393,46.1453143511523,8.03222685732382,786.008521114627,13.0328482270778,104328000000.0,13.1059,46.0369,53.9631,12.1557,24.7062,1.3281,2.8891,8687000000.0,94419449.0,0.253762145621966,1160,True,Tech
ndaq,Nasdaq Inc,USD,NASDAQ NMS - GLOBAL MARKET,Financial Services,A,High,BB,Medium,BB,Medium,505,310,300,1115,BBB,High,6226000000.0,2644000000.0,1921000000.0,3582000000.0,,6226000000.0,152000000.0,17.934,9.4637,9.7403,20.9857387119576,42.3326455606044,7.74251768097545,31.7918733348999,7.64924931829104,35004390146.35,5.3814,60.0857,39.9143,46.7446,70.462,3.3855,0.9739,1123000000.0,57379271.0,0.0854572514000169,1115,True,Financials
ntrs,Northern Trust Corp,USD,NASDAQ NMS - GLOBAL MARKET,Financial Services,B,Medium,B,Medium,B,Medium,250,226,225,701,B,Medium,,,,,,,723500000.0,11.4795,,,,19.1920061810928,2.35924589007646,16.0514087003506,3.79904585105494,24850397868.75,0.8617,,,92.7375,92.7375,13.7694,,1336000000.0,42329701.0,0.0613148826922449,701,True,Financials
nwl,Newell Brands Inc,USD,NASDAQ NMS - GLOBAL MARKET,Consumer products,A,High,BB,Medium,BB,Medium,525,303,315,1143,BBB,High,9459000000.0,6625000000.0,2033000000.0,2834000000.0,,9459000000.0,312000000.0,5.1774,2.2044,2.2145,13.6895088408644,7.48476836974619,0.419010903336175,-8.47413430367816,0.155883219033724,9292920000.0,1.4854,31.5919,68.4081,60.4429,73.4655,3.7687,1.3164,197000000.0,21337992.0,0.195380493125315,1143,True,Consumer
nvda,NVIDIA Corp,USD,NASDAQ NMS - GLOBAL MARKET,Semiconductors,BB,Medium,BB,Medium,B,Medium,323,301,275,899,BB,Medium,26914000000.0,9439000000.0,7434000000.0,17475000000.0,,26914000000.0,976000000.0,44.8316,31.7582,25.9652,132.220624778133,426.695242001641,156.362994137983,3640.53543307087,154.608456565356,735275000000.0,22.0698,24.6657,75.3343,29.1443,39.7741,1.6604,6.6503,9752000000.0,63987440.0,0.157164439243888,899,True,Tech
nwsa,News Corp,USD,NASDAQ NMS - GLOBAL MARKET,Media,A,High,BB,Medium,BB,Medium,509,300,300,1109,BBB,High,10385000000.0,,9404000000.0,,,10385000000.0,499000000.0,7.5823,5.7117,5.5177,11.8442381979734,21.6267604102729,1.63870977081002,-32.5446177188406,1.2973973746365,13219989163.71,4.4132,43.5628,56.4372,27.1809,46.9078,1.8835,1.1631,760000000.0,14803232.0,0.102853379110162,1109,True,Consumer
odfl,Old Dominion Freight Line Inc,USD,NASDAQ NMS - GLOBAL MARKET,Road and Rail,BBB,High,BBB,High,B,Medium,467,423,280,1170,BBB,High,6260077000.0,,4345772000.0,,,6260077000.0,775148000.0,37.562,36.5651,36.6961,24.8461802764993,28.4421962741194,10.7227803365557,-141.78875294539,6.25701993420688,41217703821.36,28.4619,44.6821,55.3179,2.6636,24.5048,1.3246,1.7625,1377159000.0,39633904.0,0.116202487817134,1170,True,Transport
pcar,Paccar Inc,USD,NASDAQ NMS - GLOBAL MARKET,Machinery,A,High,BB,Medium,BB,Medium,568,343,305,1216,A,High,28819700000.0,23291000000.0,1633800000.0,5528700000.0,,27314300000.0,1390500000.0,24.4801,12.9509,12.223,12.3875470843311,20.1392635513315,4.6062843079486,48.0369128078489,2.10451205637776,30652698000.0,9.0505,49.3227,50.6773,46.5593,60.43,2.5272,2.5103,3011600000.0,24168618.0,0.212393629501685,1216,True,Industrials
nxpi,NXP Semiconductors NV,USD,NASDAQ NMS - GLOBAL MARKET,Semiconductors,A,High,BB,Medium,BB,Medium,505,329,305,1139,BBB,High,13205000000.0,5688000000.0,3723000000.0,7517000000.0,,13205000000.0,1227000000.0,39.8798,15.6073,14.9726,17.7394111069027,17.854422331324,6.68012821014901,49.0249015146798,3.7682904231276,60350374550.62,12.1923,21.1022,78.8978,59.9817,66.6896,3.0021,2.1208,2833000000.0,39857197.0,0.215462608594532,1139,True,Tech
orly,O'Reilly Automotive Inc,USD,NASDAQ NMS - GLOBAL MARKET,Retail,A,High,BB,Medium,BB,Medium,500,300,300,1100,BBB,High,14409860000.0,7028154000.0,4427215000.0,7381706000.0,,14409860000.0,563342000.0,,61.4484,65.6211,15.5694723298753,35.6096005464203,-72.9361798301394,-305.159936209443,5.36904582190111,47337920331.66,17.205,51.6032,48.3968,132.0382,108.4,-11.9047,0.7147,2172650000.0,20907749.0,-0.0020316411863305,1100,True,Consumer
payx,Paychex Inc,USD,NASDAQ NMS - GLOBAL MARKET,Technology,A,High,BB,Medium,B,Medium,500,300,200,1000,BBB,High,4611700000.0,1356300000.0,1415400000.0,3255400000.0,,4611700000.0,132600000.0,46.1712,36.4402,35.7899,26.1876777439186,24.075562573801,10.8688070636555,-37.4789801640662,7.27116758522671,49243329135.0,14.4553,80.4458,19.5542,20.7216,67.9799,3.123,1.2491,1392800000.0,26791481.0,-0.0538281555053474,1000,True,Tech
pfg,Principal Financial Group Inc,USD,NASDAQ NMS - GLOBAL MARKET,Insurance,A,High,BB,Medium,BB,Medium,555,320,300,1175,BBB,High,,,4965900000.0,,,17491600000.0,116300000.0,36.9114,,,,4.00808825349988,1.92820394938261,7.66507052485692,1.10254736219328,18928761000.0,1.6603,,,96.574,96.4739,28.3596,,4852200000.0,27391085.0,0.060200550306956,1175,True,Financials
rost,Ross Stores Inc,USD,NASDAQ NMS - GLOBAL MARKET,Retail,BB,Medium,BB,Medium,BB,Medium,375,325,300,1000,BBB,High,18916244000.0,13708907000.0,2874469000.0,5207337000.0,,18916244000.0,557840000.0,46.8688,27.973,26.451,67.9390945398092,40.2384132665424,17.0722646446226,2422.473982819,3.66427119836264,40378522115.8,12.6287,43.9962,56.0038,37.6564,70.2348,3.3596,1.773,1722589000.0,48503570.0,-0.109405196436721,1000,True,Consumer
sbac,SBA Communications Corp,USD,NASDAQ NMS - GLOBAL MARKET,Real Estate,B,Medium,B,Medium,B,Medium,250,251,215,716,B,Medium,2633454000.0,668650000.0,969429000.0,1964804000.0,,2633454000.0,214443000.0,,6.3161,6.078,38.9242988953941,38.0966309716988,-3.3316605116715,-71.3594067322392,6.67522209715453,42386063120.0,4.3439,4.4016,95.5984,169.4998,149.5471,-2.0183,0.6928,459799000.0,36484151.0,-0.0340859076755938,716,True,Real_Assets
qcom,Qualcomm Inc,USD,NASDAQ NMS - GLOBAL MARKET,Semiconductors,BBB,High,BB,Medium,BB,Medium,409,300,300,1009,BBB,High,44200000000.0,18635000000.0,10764000000.0,25565000000.0,,44200000000.0,2262000000.0,92.5223,43.7101,38.6207,17.3822372688939,10.7673299319728,7.73253650141564,-34.6741797361215,3.15127104072398,205728750000.0,26.3925,38.2762,61.7238,46.2218,63.2493,2.721,1.7465,12936000000.0,27209037.0,0.23254089737817,1009,True,Tech
pool,Pool Corp,USD,NASDAQ NMS - GLOBAL MARKET,Distributors,A,High,BB,Medium,BB,Medium,525,306,313,1144,BBB,High,6179727000.0,4246315000.0,907024000.0,1933412000.0,,6179727000.0,43619000.0,64.8978,30.6952,28.3872,26.9509070807128,9.85792920329957,5.97338183909572,346.886949100141,1.1939500575608,22749181966.0,20.9922,28.9976,71.0024,52.8911,65.3564,2.8865,2.9879,748462000.0,14161745.0,-0.0427430586439567,1144,True,Industrials
pep,PepsiCo Inc,USD,NASDAQ NMS - GLOBAL MARKET,Beverages,AA,Excellent,BB,Medium,BB,Medium,719,340,358,1417,A,High,86392000000.0,40576000000.0,34459000000.0,45816000000.0,,86392000000.0,5207000000.0,53.6876,15.8264,15.8485,18.4570729579166,23.1348683124568,12.0200406241758,-339.590900599654,2.38600422103887,240240930000.0,9.7389,35.7543,64.2457,69.4966,81.2631,5.3371,0.8041,8978000000.0,46174420.0,-0.0613988888724898,1417,True,Consumer
sbux,Starbucks Corp,USD,NASDAQ NMS - GLOBAL MARKET,Hotels Restaurants and Leisure,BBB,High,BB,Medium,B,Medium,475,385,295,1155,BBB,High,32250300000.0,10317400000.0,17503200000.0,21932900000.0,2032000000.0,32250300000.0,1841300000.0,,41.9859,51.7823,20.0241442285179,31.6695959288152,-11.9365706475547,-28.5725527176752,3.22251098439394,137229204000.0,11.7355,24.9524,75.0476,237.3866,131.0908,-3.2164,0.7669,3283400000.0,42989936.0,-0.0670647973026356,1155,True,Consumer
reg,Regency Centers Corp,USD,NASDAQ NMS - GLOBAL MARKET,Real Estate,A,High,BB,Medium,BB,Medium,575,372,365,1312,A,High,,345943000.0,405766000.0,,79903000.0,1224022000.0,365057000.0,7.9586,,,,28.198171647417,2.23322021499643,-518.68157984572,11.1239096621874,12868657812.45,4.4938,,,43.4373,43.1131,1.7579,,488035000.0,19994748.0,-0.0642376037448608,1312,True,Real_Assets
qrvo,Qorvo Inc,USD,NASDAQ NMS - GLOBAL MARKET,Semiconductors,A,High,BB,Medium,BB,Medium,535,310,305,1150,BBB,High,4645714000.0,2359546000.0,1060099000.0,2286168000.0,,4645714000.0,213466000.0,22.5067,15.9254,15.6561,14.1123555743721,7.22769308261552,1.64032522273258,-17.5527335348199,1.60766640606804,17237810470.53,13.7614,22.8403,77.1597,31.0152,39.3638,1.6492,3.6287,1033353000.0,26633744.0,0.186318556912814,1150,True,Tech
ptc,PTC Inc,USD,NASDAQ NMS - GLOBAL MARKET,Technology,A,High,BB,Medium,BB,Medium,550,302,308,1160,BBB,High,1933347000.0,385980000.0,1063771000.0,1547367000.0,204732000.0,1933347000.0,25947000.0,14.446,8.7887,8.5854,27.1272374757313,54.7354539724864,7.46357879071477,-316.413350784911,8.86371182470607,14158800500.0,6.6794,33.1318,66.8682,37.0374,51.0155,2.0415,1.3489,313081000.0,31395464.0,-0.0230886327058518,1160,True,Tech
penn,PENN Entertainment Inc,USD,NASDAQ NMS - GLOBAL MARKET,Hotels Restaurants and Leisure,BB,Medium,BB,Medium,B,Medium,371,300,220,891,BB,Medium,6401700000.0,3631600000.0,1677900000.0,2770100000.0,1110400000.0,6401700000.0,263400000.0,5.7722,1.863,1.7923,14.8390154827339,8.76077981814498,0.543769163460302,-8.2482797694362,0.303945701549588,8791783633.55,1.2667,8.3327,91.6673,70.849,79.4505,4.8663,1.7376,221700000.0,26066228.0,-0.0620799924801204,891,True,Consumer
pypl,PayPal Holdings Inc,USD,NASDAQ NMS - GLOBAL MARKET,Technology,BB,Medium,B,Medium,B,Medium,370,244,285,899,BB,Medium,27518000000.0,,23474000000.0,,2099000000.0,27518000000.0,706000000.0,11.5188,8.0011,7.8818,41.0940417598807,17.2029918554775,2.05258149839203,36.9246116223602,1.51224788496257,220261440000.0,3.073,77.1709,22.8291,33.9415,74.2444,3.8827,1.2753,2419000000.0,98884435.0,0.190539145672767,899,True,Tech
regn,Regeneron Pharmaceuticals Inc,USD,NASDAQ NMS - GLOBAL MARKET,Biotechnology,A,High,BB,Medium,BB,Medium,505,327,305,1137,BBB,High,12172900000.0,1560400000.0,5963500000.0,10612500000.0,,12172900000.0,1616900000.0,20.9419,18.5268,17.1036,7.06372120519351,18.4402887687581,3.52988655111101,361.506320806055,6.57208625671615,68630288224.32,14.8502,47.9551,52.0449,10.6499,22.4221,1.289,5.0565,4338400000.0,60881054.0,0.0301975426191493,1137,True,Healthcare
amgn,Amgen Inc,USD,NASDAQ NMS - GLOBAL MARKET,Biotechnology,A,High,BB,Medium,BB,Medium,575,312,328,1215,A,High,26323000000.0,6406000000.0,9848000000.0,19917000000.0,,26323000000.0,936000000.0,126.4743,15.8615,15.3781,13.3862208746459,29.0563400645604,52.0014040161158,-528.825389175,7.23234966010713,125600751000.0,10.0613,25.5239,74.4761,91.4073,94.3782,17.7878,1.4143,6552000000.0,54781353.0,-0.0325142031262096,1215,True,Healthcare
snps,Synopsys Inc,USD,NASDAQ NMS - GLOBAL MARKET,Technology,A,High,BB,Medium,BB,Medium,525,316,315,1156,BBB,High,5081542000.0,1063697000.0,2843750000.0,4017845000.0,353840000.0,5081542000.0,561456000.0,18.2149,18.0134,17.7835,51.3664940310436,78.2031545516731,13.9597889221544,-5026.33048845551,15.1525573836938,56542026816.0,10.3889,71.8988,28.1012,0.3761,40.9733,1.6941,1.0858,978436000.0,31929807.0,0.147699654887083,1156,True,Tech
stx,Seagate Technology Holdings PLC,USD,NASDAQ NMS - GLOBAL MARKET,Technology,A,High,BB,Medium,BB,Medium,540,355,300,1195,BBB,High,11661000000.0,8192000000.0,1511000000.0,3469000000.0,,11661000000.0,381000000.0,445.6757,28.6161,28.6533,14.9253230087112,50.0933275008672,757.833917880092,-139.063799745673,7.08377472334534,25153409066.1,18.4369,40.2377,59.7623,98.106,98.7813,82.055,1.1345,1649000000.0,42943305.0,0.240678944725387,1195,True,Tech
tech,Bio-Techne Corp,USD,NASDAQ NMS - GLOBAL MARKET,Life Sciences Tools and Services,A,High,B,Medium,BB,Medium,510,268,300,1078,BBB,High,1105599000.0,349103000.0,459906000.0,756496000.0,,1105599000.0,44908000.0,16.666,14.0887,13.8904,81.9787801269442,30.3071427357371,4.84500754414521,-310.853886608355,7.45757592798112,20341687742.44,11.465,29.6429,70.3571,13.0721,25.8756,1.3491,3.4403,263099000.0,28367831.0,0.210424492145613,1078,True,Healthcare
ter,Teradyne Inc,USD,NASDAQ NMS - GLOBAL MARKET,Semiconductors,A,High,BB,Medium,BB,Medium,507,328,315,1150,BBB,High,3155045000.0,1287894000.0,1018027000.0,1867151000.0,,3155045000.0,163249000.0,28.533,27.6587,28.6039,19.6664152107391,65.0597919122405,18.9901114158481,-174.068139122598,14.7542574426038,26532906030.0,20.4356,71.0755,28.9245,2.0035,29.9881,1.4283,3.0256,715501000.0,21637281.0,0.384133236168721,1150,True,Tech
swks,Skyworks Solutions Inc,USD,NASDAQ NMS - GLOBAL MARKET,Semiconductors,A,High,BB,Medium,B,Medium,515,303,270,1088,BBB,High,5485500000.0,2881200000.0,1046600000.0,2604300000.0,,5485500000.0,509700000.0,23.6892,16.7891,16.6516,13.1957917996563,6.68143730859473,1.55790251525325,-26.8859856608394,1.5532164535448,25520530000.0,14.3704,36.0344,63.9656,28.5854,38.3691,1.6226,2.6326,1275200000.0,34211300.0,0.222453842564433,1088,True,Tech
trmb,Trimble Inc,USD,NASDAQ NMS - GLOBAL MARKET,Electrical Equipment,A,High,BBB,High,BB,Medium,550,415,315,1280,A,High,3676300000.0,1570700000.0,1564500000.0,2105600000.0,422200000.0,3676300000.0,43200000.0,11.2497,8.3215,8.0733,30.0658330019881,34.0464304060485,3.78022807604563,-279.902737725777,4.16469813497266,21875971000.0,6.1865,45.4238,54.5762,27.2881,44.2812,1.7947,1.0384,449700000.0,35579932.0,0.232882360271137,1280,True,Industrials
trow,T Rowe Price Group Inc,USD,NASDAQ NMS - GLOBAL MARKET,Financial Services,A,High,BB,Medium,BB,Medium,510,325,310,1145,BBB,High,,,,,,6488400000.0,237600000.0,17.4435,,,,12.6302829817254,2.2259989656915,78.5497718851497,3.0325993861707,45064972000.0,12.4501,,,18.1217,16.8028,1.202,,1449600000.0,43944975.0,0.010737667306001,1145,True,Financials
ttwo,Take-Two Interactive Software Inc,USD,NASDAQ NMS - GLOBAL MARKET,Media,B,Medium,BB,Medium,BB,Medium,225,307,310,842,BB,Medium,3504800000.0,1535401000.0,1494955000.0,1969399000.0,510855000.0,3504800000.0,158642000.0,11.7068,11.7068,10.9727,21.8662402868166,86.2570984118539,9.46472237864859,266.92550407391,10.2879949761242,20495736720.0,6.3857,76.9201,23.0799,0.0,41.8037,1.7183,1.839,418022000.0,12546859.0,0.187527705842532,842,True,Consumer
tsla,Tesla Inc,USD,NASDAQ NMS - GLOBAL MARKET,Automobiles,A,High,CCC,Low,B,Medium,555,160,278,993,BBB,High,81462000000.0,60609000000.0,7021000000.0,20853000000.0,,81462000000.0,7172000000.0,33.5305,29.6041,26.2661,113.255589925802,111.207189038407,31.2347321395455,-1144.52251275921,17.1407216317576,1091653740000.0,15.287,73.2958,26.7042,6.4829,44.2566,1.7939,1.532,12587000000.0,633500.0,0.308322942506354,993,True,Consumer
tsco,Tractor Supply Co,USD,NASDAQ NMS - GLOBAL MARKET,Retail,A,High,BB,Medium,B,Medium,500,300,200,1000,BBB,High,14204717000.0,9232513000.0,3537261000.0,4972204000.0,,14204717000.0,773369000.0,53.8289,34.7271,33.5577,17.3521260496721,22.1715474335361,11.8185667119039,-35.7326857650016,1.69932493195465,26991625000.0,12.8235,36.8544,63.1456,37.0461,75.9432,4.1568,1.3289,1088712000.0,22383937.0,0.151656287031953,1000,True,Consumer
txn,Texas Instruments Inc,USD,NASDAQ NMS - GLOBAL MARKET,Semiconductors,A,High,BB,Medium,BB,Medium,500,300,300,1100,BBB,High,20028000000.0,6257000000.0,3374000000.0,13771000000.0,,20028000000.0,2797000000.0,62.6944,39.4223,37.3627,17.8489091461562,20.1271827346634,12.0801757388743,-111.380595664497,8.7923268297169,174146280000.0,32.1572,23.6342,76.3658,37.47,46.4219,1.8664,4.6972,8749000000.0,56884939.0,0.136610289148239,1100,True,Tech
tmus,T-Mobile US Inc,USD,NASDAQ NMS - GLOBAL MARKET,Telecommunication,BB,Medium,BB,Medium,B,Medium,342,331,230,903,BBB,High,79571000000.0,14666000000.0,56798000000.0,64905000000.0,,79571000000.0,17301000000.0,3.7331,1.8037,1.814,9.29354319303085,90.0166551911236,3.34706467418471,-114.905439598329,2.93000134401993,144883802722.38,1.2255,17.4631,82.5369,51.2134,67.0405,3.034,0.7706,2590000000.0,74624202.0,-0.0532680935479872,903,True,Tech
ual,United Airlines Holdings Inc,USD,NASDAQ NMS - GLOBAL MARKET,Airlines,B,Medium,B,Medium,B,Medium,205,203,221,629,B,Medium,44955000000.0,,42478000000.0,,,44955000000.0,4819000000.0,12.3606,1.8729,1.8824,20.7497875551396,40.6767510679919,4.3472687843837,-2.69787306849442,0.66686165136492,14176437918.5,1.0942,33.0654,66.9346,82.387,89.7622,9.7677,1.0033,737000000.0,25365649.0,-0.110382795497884,629,True,Transport
vrsk,Verisk Analytics Inc,USD,NASDAQ NMS - GLOBAL MARKET,Professional Services,AA,Excellent,BB,Medium,BB,Medium,615,366,300,1281,A,High,2497000000.0,824600000.0,265900000.0,1672400000.0,,2497000000.0,274700000.0,41.7846,16.4239,17.3898,31.5631382009441,26.8609976894853,14.6474050740296,2066.34723354839,10.2613959535443,36974579388.47,13.709,44.6567,55.3433,68.1099,74.606,3.9379,0.3989,954300000.0,41633265.0,0.0539550162705147,1281,True,Industrials
ulta,Ulta Beauty Inc,USD,NASDAQ NMS - GLOBAL MARKET,Retail,B,Medium,B,Medium,B,Medium,205,242,200,647,B,Medium,8630889000.0,5262335000.0,2071062000.0,3368554000.0,,8630889000.0,172187000.0,55.777,55.777,64.2083,41.0524189616853,23.1425435170317,14.8594352468097,-37.1279248568327,2.64338652405332,22315912134.82,20.6918,48.2505,51.7495,0.0,67.7739,3.1031,1.4642,985837000.0,29980580.0,0.0180865849114804,647,True,Consumer
vrtx,Vertex Pharmaceuticals Inc,USD,NASDAQ NMS - GLOBAL MARKET,Biotechnology,A,High,BB,Medium,BB,Medium,500,300,300,1100,BBB,High,8930700000.0,1080300000.0,3600500000.0,7850400000.0,,8930700000.0,204700000.0,27.6687,26.5325,23.0946,17.2083895837396,34.6976138984347,8.28491043223817,31.0529576148603,12.9066560706999,55883598501.6,18.3021,64.6996,35.3004,3.2786,23.3498,1.3046,4.8265,3322000000.0,56664427.0,-0.131622799917333,1100,True,Healthcare
vtrs,Viatris Inc,USD,NASDAQ NMS - GLOBAL MARKET,Pharmaceuticals,A,High,BB,Medium,B,Medium,500,300,200,1000,BBB,High,16262700000.0,9765700000.0,4841300000.0,6497000000.0,,16262700000.0,443000000.0,10.0017,4.9534,5.1519,10.1708274054267,7.40600566108919,0.730538354481476,27.6723411237462,0.946590871573601,16364635974.39,4.1554,23.303,76.697,47.7718,57.8741,2.3738,1.5765,2078600000.0,65833232.0,0.216576064015757,1000,True,Healthcare
vrsn,Verisign Inc,USD,NASDAQ NMS - GLOBAL MARKET,Technology,A,High,BB,Medium,BB,Medium,548,354,325,1227,A,High,1424900000.0,200700000.0,281100000.0,1224200000.0,,1424900000.0,27400000.0,,179.467,298.5379,32.4048845570707,34.1323241317899,-14.7217769811804,153.118242343542,16.1403326549232,28051932580.0,38.8716,33.8906,66.1094,792.1577,190.1235,-1.1096,0.93,673800000.0,29385545.0,-0.0267941801615696,1227,True,Tech
ntap,NetApp Inc,USD,NASDAQ NMS - GLOBAL MARKET,Technology,A,High,BB,Medium,BB,Medium,545,359,325,1229,A,High,6318000000.0,2098000000.0,3017000000.0,4220000000.0,279000000.0,6318000000.0,226000000.0,123.0466,27.5953,26.9718,15.0505100442382,21.9969693489861,24.5956566587112,-49.5460583653846,3.26229190883191,20447329394.59,9.3457,43.0235,56.9765,75.878,91.6417,11.9642,1.5039,937000000.0,72625545.0,0.0653082939721944,1229,True,Tech
xel,Xcel Energy Inc,USD,NASDAQ NMS - GLOBAL MARKET,Utilities,B,Medium,B,Medium,B,Medium,223,201,205,629,B,Medium,15310000000.0,6959000000.0,5923000000.0,8351000000.0,,15310000000.0,4638000000.0,10.7536,4.3158,4.188,15.7363928941068,28.0061751365726,2.91566536954063,-883.976727947091,3.17561855238994,36830510711.3,2.8372,13.6544,86.3456,59.7727,72.7479,3.6694,0.8463,1736000000.0,26695977.0,-0.0395278878771917,629,True,Real_Assets
xray,DENTSPLY SIRONA Inc,USD,NASDAQ NMS - GLOBAL MARKET,Health Care,A,High,BB,Medium,BB,Medium,530,318,305,1153,BBB,High,3922000000.0,1795000000.0,1763000000.0,2127000000.0,,3922000000.0,149000000.0,-21.4617,-14.7378,-16.5074,15.3853546961326,-2.45271154678421,0.611408021371031,89.6183065171154,0.594104020766191,12128746000.0,-12.4297,30.5403,69.4597,33.7793,50.1243,2.005,1.6179,-950000000.0,54798215.0,0.133667494292888,1153,True,Healthcare
zbra,Zebra Technologies Corp,USD,NASDAQ NMS - GLOBAL MARKET,Electrical Equipment,BB,Medium,BB,Medium,BB,Medium,320,317,300,937,BBB,High,5781000000.0,3157000000.0,2060000000.0,2624000000.0,375000000.0,5781000000.0,75000000.0,16.1973,10.6059,9.7351,28.0698113050994,21.7187216666955,3.67938826625686,-44.298538025022,1.73945132878049,31792771680.0,6.1496,48.6239,51.3761,42.5357,63.7004,2.7548,0.8075,463000000.0,31733622.0,0.0992605900977068,937,True,Industrials
aap,Advance Auto Parts Inc,USD,"NEW YORK STOCK EXCHANGE, INC.",Retail,B,Medium,B,Medium,B,Medium,264,261,210,735,B,Medium,11154722000.0,6192622000.0,4247949000.0,4962100000.0,,11154722000.0,425961000.0,17.2863,12.2197,12.3871,14.4363666255355,6.20912304332579,1.16350188796471,-9.38197358992732,0.279360166931995,14957759858.76,4.1758,57.4976,42.5024,33.8951,77.7153,4.4874,1.126,501872000.0,19115078.0,-0.0369272146503065,735,True,Consumer
zion,Zions Bancorporation NA,USD,NASDAQ NMS - GLOBAL MARKET,Banking,B,Medium,B,Medium,B,Medium,200,200,200,600,B,Medium,,,,,,,190000000.0,14.6811,,,,9.28302349614112,1.89079324298226,135.801650177419,2.76509107093596,9576635000.0,1.0129,,,94.5357,94.5357,18.3006,,907000000.0,15557836.0,0.0889415049671959,600,True,Financials
wynn,Wynn Resorts Ltd,USD,NASDAQ NMS - GLOBAL MARKET,Hotels Restaurants and Leisure,B,Medium,B,Medium,B,Medium,225,201,200,626,B,Medium,3756825000.0,2390222000.0,1536116000.0,1366603000.0,830450000.0,3756825000.0,352504000.0,,-3.672,-3.7292,57.237935169092,-24.4167750370881,-13.7835280048692,8.2666398813026,2.75477207485576,9840398752.72,-5.2878,12.0317,87.9683,106.606,112.2278,-8.1781,2.2245,-709368000.0,33878785.0,0.312988947020014,626,True,Consumer
a,Agilent Technologies Inc,USD,"NEW YORK STOCK EXCHANGE, INC.",Life Sciences Tools and Services,A,High,B,Medium,B,Medium,573,231,233,1037,BBB,High,6848000000.0,3126000000.0,2104000000.0,3722000000.0,,6848000000.0,291000000.0,23.4524,15.4891,15.5313,28.1019472960511,25.5739321636045,6.04518584979453,-73.8933431639631,4.68307694701519,48214427241.05,11.9066,35.6036,64.3964,34.2953,49.6297,1.9853,2.0301,1254000000.0,37013831.0,0.064020646376886,1037,True,Healthcare
abbv,Abbvie Inc,USD,"NEW YORK STOCK EXCHANGE, INC.",Biotechnology,A,High,BB,Medium,BB,Medium,505,317,300,1122,BBB,High,58054000000.0,17414000000.0,21826000000.0,40640000000.0,,58054000000.0,695000000.0,72.4757,13.7136,14.6315,12.8890903171675,31.5496040074552,21.64258218571,-685.176354187596,6.43230635326145,239432924038.4,8.5336,24.3075,75.6925,78.5731,87.5458,8.0294,0.9636,11845000000.0,75778856.0,-0.117521314200535,1122,True,Healthcare
adm,Archer-Daniels-Midland Co,USD,"NEW YORK STOCK EXCHANGE, INC.",Food Products,A,High,BB,Medium,BB,Medium,587,353,305,1245,A,High,101556000000.0,93986000000.0,3358000000.0,7570000000.0,,101556000000.0,1319000000.0,18.5625,13.256,12.9692,10.6060338825714,8.03121488087558,1.43532665882886,-82.7920963966746,0.343214311148529,37850400000.0,7.3025,68.8065,31.1935,27.4325,58.8182,2.4283,1.4638,4365000000.0,64291710.0,0.0645670201402763,1245,True,Consumer
abt,Abbott Laboratories,USD,"NEW YORK STOCK EXCHANGE, INC.",Health Care,A,High,BB,Medium,BB,Medium,515,305,305,1125,BBB,High,43653000000.0,19142000000.0,16149000000.0,24511000000.0,,43653000000.0,1777000000.0,19.1287,12.9213,12.9688,21.0288363299959,26.209360953929,4.95310198695933,2189.27107823602,4.1625890429888,248276927842.82,9.3138,41.2677,58.7323,31.3754,50.4218,2.017,1.6285,6933000000.0,55091376.0,-0.030048920009429,1125,True,Healthcare
aee,Ameren Corp,USD,"NEW YORK STOCK EXCHANGE, INC.",Utilities,A,High,BB,Medium,BB,Medium,562,345,300,1207,A,High,7957000000.0,,6442000000.0,,,7957000000.0,3380000000.0,10.6295,4.3913,4.1948,14.6757247145188,27.9435843515363,2.85605344438047,491.990321205738,3.7716990817582,22937877000.0,2.8467,12.3446,87.6554,58.9579,71.937,3.5634,0.7926,1079000000.0,23834267.0,-0.066823940309275,1207,True,Real_Assets
aes,AES Corp,USD,"NEW YORK STOCK EXCHANGE, INC.",Utilities,A,High,BB,Medium,BB,Medium,525,326,370,1221,A,High,12617000000.0,10069000000.0,207000000.0,2548000000.0,207000000.0,12617000000.0,4551000000.0,-20.8596,-2.3022,-2.1053,59.9020397375215,-18.2837905285714,6.24324554634146,16.5554720208955,0.791230056954902,16203085087.5,-1.3164,19.949,80.051,90.6034,84.8161,6.5859,1.1775,-505000000.0,31603220.0,0.0524985306153768,1221,True,Real_Assets
afl,Aflac Inc,USD,"NEW YORK STOCK EXCHANGE, INC.",Insurance,BBB,High,BB,Medium,B,Medium,454,300,235,989,BBB,High,,,5519000000.0,,,19502000000.0,,15.1066,,,,13.2701797541347,2.49264588182964,-50.3141021183393,2.85857989678597,38077987480.0,3.2065,,,82.9297,82.9297,5.8581,,4201000000.0,39906902.0,0.0753498160638164,989,True,Financials
acn,Accenture PLC,USD,"NEW YORK STOCK EXCHANGE, INC.",Technology,A,High,BB,Medium,BB,Medium,515,360,305,1180,BBB,High,61594305000.0,41892766000.0,10334358000.0,19701539000.0,4225957000.0,61594305000.0,717998000.0,33.0351,32.9397,31.0325,27.6438270235166,19.0058231355751,5.91267909877804,-469.590386207781,2.12205101896125,273122509189.7,14.7873,71.4769,28.5231,0.2485,51.8717,2.0778,1.2333,6988960000.0,48146301.0,0.0892625117435827,1180,True,Tech
ajg,Arthur J. Gallagher & Co.,USD,"NEW YORK STOCK EXCHANGE, INC.",Insurance,A,High,BB,Medium,BB,Medium,530,344,310,1184,BBB,High,,,6753200000.0,,,8550600000.0,182700000.0,12.6241,,,,48.5194911147011,5.91237772868454,108.576856798554,6.43032876973035,35376195000.0,2.8683,,,76.4711,76.3795,4.2336,,1116000000.0,36722295.0,0.0730939995394871,1184,True,Financials
aiz,Assurant Inc,USD,"NEW YORK STOCK EXCHANGE, INC.",Insurance,BBB,High,BB,Medium,BB,Medium,438,316,300,1054,BBB,High,,,7366300000.0,,,10193000000.0,186300000.0,5.6923,,,,39.0644496684382,2.55521242421784,-20.8554849995947,1.06006345318258,8689836052.18,0.835,,,87.2337,87.2337,7.8331,,276600000.0,24706872.0,-0.0813418140621072,1054,True,Financials
alk,Alaska Air Group Inc,USD,"NEW YORK STOCK EXCHANGE, INC.",Airlines,A,High,BB,Medium,B,Medium,515,303,259,1077,BBB,High,9646000000.0,,9080000000.0,,,9646000000.0,1671000000.0,1.5229,0.9419,0.9707,7.81587041650224,76.9876634051724,1.17014792387317,-35.72227582,0.462915662191582,6559695514.4,0.4089,43.3269,56.6731,36.1339,73.1002,3.7175,0.6766,58000000.0,12815817.0,-0.054053040485219,1077,True,Transport
alb,Albemarle Corp,USD,"NEW YORK STOCK EXCHANGE, INC.",Chemicals,A,High,BB,Medium,BB,Medium,545,322,315,1182,BBB,High,7320104000.0,4245517000.0,596126000.0,3074587000.0,,7320104000.0,1261646000.0,39.5332,27.9909,24.0168,59.5414978236944,7.64783233555753,2.57700400901859,19.409231114665,2.81024173720756,27354596550.0,18.2132,37.7255,62.2745,28.7248,47.0072,1.887,1.8923,2815131000.0,22497756.0,0.385149673711217,1182,True,Energy_Materials
aig,American International Group Inc,USD,"NEW YORK STOCK EXCHANGE, INC.",Insurance,A,High,BB,Medium,BB,Medium,518,323,310,1151,BBB,High,,,14165000000.0,,,56437000000.0,,19.3964,,,,3.87799592944823,1.008433994762,-188.863915502417,0.70610213461045,46550563460.18,2.141,,,92.3719,91.9802,12.4691,,11275000000.0,115105178.0,0.119319010001827,1151,True,Financials
all,Allstate Corp,USD,"NEW YORK STOCK EXCHANGE, INC.",Insurance,A,High,BB,Medium,B,Medium,530,300,220,1050,BBB,High,,,14443000000.0,,,51412000000.0,420000000.0,-6.1471,,,,-41.0110183285431,3.4676198019168,-1991.31277884148,1.04577618121684,33059650000.0,-1.3924,,,82.1833,82.2881,5.6459,,-1364000000.0,36077044.0,0.0361044316897558,1050,True,Financials
alle,Allegion PLC,USD,"NEW YORK STOCK EXCHANGE, INC.",Building,A,High,BB,Medium,BB,Medium,542,322,315,1179,BBB,High,3271900000.0,1949500000.0,736000000.0,1322400000.0,,3271900000.0,64000000.0,53.8538,17.4893,15.0841,19.1966469401735,27.4217251361572,13.3352623830537,-114.277981004186,3.8384883744491,11683277375.0,11.4828,23.0938,76.9062,68.982,76.3354,4.2257,1.7263,458300000.0,27620593.0,0.10412955074082,1179,True,Industrials
amp,Ameriprise Financial Inc,USD,"NEW YORK STOCK EXCHANGE, INC.",Financial Services,BB,Medium,BB,Medium,B,Medium,396,308,267,971,BBB,High,,,,,3723000000.0,,182000000.0,55.0441,,,,15.8822099110395,11.2489828846803,-49.9294535164005,2.88798231808072,33442332276.6,1.6148,,,97.72,97.72,43.8605,,2559000000.0,37813936.0,0.089016937498547,971,True,Financials
ame,AMETEK Inc,USD,"NEW YORK STOCK EXCHANGE, INC.",Electrical Equipment,A,High,BB,Medium,B,Medium,540,329,270,1139,BBB,High,6150530000.0,4005261000.0,644577000.0,2145269000.0,,6150530000.0,139005000.0,16.1627,12.0299,11.7582,23.9952266336167,41.7755167735451,6.4790193970972,-34949.8313640909,7.8758198513998,34063624003.84,9.3277,31.5707,68.4293,24.185,39.8565,1.6627,1.6162,1159542000.0,24682757.0,0.0653857070239147,1139,True,Industrials
amt,American Tower Corp,USD,"NEW YORK STOCK EXCHANGE, INC.",Real Estate,A,High,BB,Medium,BB,Medium,530,333,305,1168,BBB,High,10711100000.0,3263800000.0,5095000000.0,7447300000.0,,10711100000.0,1873600000.0,33.1494,3.8147,3.9912,27.1171523771633,44.5866167144637,14.1287502322877,-388.603394839092,7.35041665136167,133313310000.0,2.5251,15.1716,84.8284,87.4049,81.5335,5.4152,0.4358,1696700000.0,90384168.0,0.036506763319279,1168,True,Real_Assets
aos,A O Smith Corp,USD,"NEW YORK STOCK EXCHANGE, INC.",Building,A,High,BB,Medium,BB,Medium,510,315,310,1135,BBB,High,3753900000.0,2424300000.0,670900000.0,1329600000.0,,3753900000.0,70300000.0,13.168,11.4387,11.2657,18.6990374938877,38.4947028187102,5.19150967235224,-174.149740007102,2.4170067008631,13534472876.95,7.0732,58.9549,41.0451,16.4659,47.5527,1.9067,1.7488,235700000.0,15671518.0,0.151430901806187,1135,True,Industrials
apd,Air Products and Chemicals Inc,USD,"NEW YORK STOCK EXCHANGE, INC.",Chemicals,AA,Excellent,BBB,High,BB,Medium,700,442,300,1442,A,High,12698600000.0,9338500000.0,1003500000.0,3360100000.0,,12698600000.0,2926500000.0,16.9099,10.7521,10.8525,18.4470008537154,28.9331420882762,4.96622503540475,-37.1329779085045,5.14041405078985,67459732168.62,8.335,25.6912,74.3088,36.7736,49.6098,1.9845,1.8128,2266500000.0,34279272.0,0.0355114106696759,1442,True,Energy_Materials
aon,Aon PLC,USD,"NEW YORK STOCK EXCHANGE, INC.",Insurance,BBB,High,BB,Medium,B,Medium,485,304,288,1077,BBB,High,,,8810000000.0,,,12479000000.0,196000000.0,,,,,26.7938115758671,-131.132661946919,160.949369303759,5.55086646154437,64560288000.0,8.0908,,,101.6225,101.3118,-76.2331,,2646000000.0,51742674.0,-0.100492968639285,1077,True,Financials
anet,Arista Networks Inc,USD,"NEW YORK STOCK EXCHANGE, INC.",Communications,BBB,High,BB,Medium,B,Medium,444,310,295,1049,BBB,High,4381310000.0,1705614000.0,1148590000.0,2675696000.0,93241000.0,4381310000.0,44644000.0,30.514,30.514,27.681,43.2495702140746,113.859422394905,31.517477185058,3023.65536404925,35.1467301743771,44229143750.0,19.9611,68.4556,31.5444,0.0,27.8889,1.3867,4.2912,1352446000.0,26063786.0,0.0794720526223198,1049,True,Tech
aph,Amphenol Corp,USD,"NEW YORK STOCK EXCHANGE, INC.",Electrical Equipment,A,High,BB,Medium,BBB,High,512,303,475,1290,A,High,12623000000.0,8594800000.0,1420900000.0,4028200000.0,,12623000000.0,383800000.0,28.5682,16.7639,16.4086,23.6368416638712,79.5632835677338,21.5738118380324,859.961558698295,11.9902744459241,52388540000.0,12.5067,32.5081,67.4919,39.4857,53.7126,2.1604,2.4211,1916800000.0,32831605.0,0.147935772704262,1290,True,Industrials
ato,Atmos Energy Corp,USD,"NEW YORK STOCK EXCHANGE, INC.",Utilities,A,High,BB,Medium,BB,Medium,572,368,315,1255,A,High,4201662000.0,1682656000.0,1598024000.0,2519006000.0,,4201662000.0,2444420000.0,8.9392,4.7214,4.4056,15.5237811484051,39.1337608416861,3.21741303149954,-465.023341286194,7.21264731153529,14188485736.37,3.4894,28.2028,71.7972,46.3793,57.5583,2.3562,0.846,774398000.0,14492187.0,0.0741844208002773,1255,True,Real_Assets
awk,American Water Works Company Inc,USD,"NEW YORK STOCK EXCHANGE, INC.",Utilities,AA,Excellent,BB,Medium,BB,Medium,653,395,300,1348,A,High,3792000000.0,,2519000000.0,,,3792000000.0,2420000000.0,9.1431,3.9708,3.8,15.5972703161928,32.747522531878,2.91975301469392,-1413.31413032316,7.08147902851793,34299070268.54,2.951,15.121,84.879,57.3799,66.9018,3.0213,0.4447,820000000.0,22231146.0,-0.0485738863552145,1348,True,Real_Assets
are,Alexandria Real Estate Equities Inc,USD,"NEW YORK STOCK EXCHANGE, INC.",Real Estate,AA,Excellent,BB,Medium,BB,Medium,600,337,345,1282,A,High,,783153000.0,1179424000.0,,177278000.0,2588962000.0,6185174000.0,2.9672,,,,15.9493737906107,0.438539986118246,18.7920675680297,3.21370121755746,35237463484.8,1.8881,,,40.3619,36.1456,1.5661,,670701000.0,63648128.0,-0.0600440916729284,1282,True,Real_Assets
aptv,Aptiv PLC,USD,"NEW YORK STOCK EXCHANGE, INC.",Auto Components,A,High,BB,Medium,BB,Medium,555,339,310,1204,A,High,17489000000.0,14854000000.0,1287000000.0,2635000000.0,,17489000000.0,844000000.0,6.9247,4.2866,3.4706,28.1178354123775,25.4116145638889,1.71353150765694,-9.52935546145833,0.863085313680027,44621307393.0,2.696,38.0375,61.9625,42.4248,58.4445,2.4064,1.6,590000000.0,42664863.0,0.258098121536777,1204,True,Consumer
avb,Avalonbay Communities Inc,USD,"NEW YORK STOCK EXCHANGE, INC.",Real Estate,A,High,BB,Medium,B,Medium,500,300,298,1098,BBB,High,,919114000.0,905607000.0,,74064000.0,2593446000.0,1623666000.0,10.2477,,,,20.1368259531833,2.03413063865156,120.19007084502,8.82649583717185,35299938988.34,5.555,,,44.9842,44.9782,1.8175,,1136438000.0,38880830.0,-0.0593120356653814,1098,True,Real_Assets
avy,Avery Dennison Corp,USD,"NEW YORK STOCK EXCHANGE, INC.",Packaging,A,High,BB,Medium,BB,Medium,535,347,325,1207,A,High,9039300000.0,6635100000.0,1330800000.0,2404200000.0,,9039300000.0,298500000.0,38.2702,14.8986,14.7459,16.9718035450276,17.1206684244089,6.37833779358331,2880.45734758222,1.43396701781333,17931039410.31,9.5227,47.3075,52.6925,60.4191,74.4393,3.9123,0.9936,757100000.0,20897938.0,0.0527202898296571,1207,True,Industrials
ba,Boeing Co,USD,"NEW YORK STOCK EXCHANGE, INC.",Aerospace and Defense,B,Medium,B,Medium,B,Medium,220,224,235,679,B,Medium,66608000000.0,63078000000.0,7039000000.0,3530000000.0,4187000000.0,66608000000.0,1222000000.0,,-11.7192,-12.002,-978.376351066514,-30.9301036633354,-9.6102790139495,23.4470140673671,2.29161754711987,118560861436.64,-3.6856,58.8775,41.1225,138.6279,111.5594,-8.6509,1.2162,-5053000000.0,63109925.0,0.0978746232034023,679,True,Industrials
bac,Bank of America Corp,USD,"NEW YORK STOCK EXCHANGE, INC.",Banking,B,Medium,BB,Medium,B,Medium,220,394,265,879,BB,Medium,,,,,,94950000000.0,,10.1343,,,,12.5221233250305,1.40812504449118,-2.9208172557698,3.73033439989871,359382721788.87,0.9022,,,91.0468,91.0468,11.1691,,27528000000.0,90101754.0,0.20765044776266,879,True,Financials
bax,Baxter International Inc,USD,"NEW YORK STOCK EXCHANGE, INC.",Health Care,A,High,BB,Medium,BB,Medium,500,316,300,1116,BBB,High,15113000000.0,9716000000.0,7304000000.0,5397000000.0,,15113000000.0,679000000.0,-32.6358,-9.889,-10.8283,17.8806832120047,-3.53716786205508,1.47538649209326,-6.97401086578606,0.569438854521273,43058668339.52,-8.5587,21.1906,78.8094,74.0398,79.16,4.7985,1.6883,-2421000000.0,44378563.0,-0.0002199139907038,1116,True,Healthcare
bbwi,Bath & Body Works Inc,USD,"NEW YORK STOCK EXCHANGE, INC.",Retail,A,High,BB,Medium,BB,Medium,525,303,300,1128,BBB,High,7882000000.0,4027000000.0,1846000000.0,3855000000.0,,7882000000.0,270000000.0,,29.4912,39.958,13.2656436978921,2.69034054384846,-2.36246636689723,-1.83532443446776,0.454989082079421,17986483284.7,22.1208,17.1019,82.8981,145.5036,125.1742,-3.9723,2.3326,1333000000.0,41704902.0,0.074442789036738,1128,True,Consumer
bdx,Becton Dickinson and Co,USD,"NEW YORK STOCK EXCHANGE, INC.",Health Care,AA,Excellent,BB,Medium,BB,Medium,607,384,315,1306,A,High,18870000000.0,10393000000.0,5966000000.0,8477000000.0,,18870000000.0,973000000.0,7.2672,4.3057,4.0848,17.4756242098412,25.1898065769646,1.77258280528539,-36.3444167886618,2.37481006361526,71614230443.96,3.3608,28.2485,71.7515,38.8531,52.2367,2.0937,1.0422,1779000000.0,41344413.0,-0.0346457932417957,1306,True,Healthcare
bio,Bio Rad Laboratories Inc,USD,"NEW YORK STOCK EXCHANGE, INC.",Life Sciences Tools and Services,B,Medium,B,Medium,BB,Medium,275,227,300,802,BB,Medium,2802249000.0,1234919000.0,1084714000.0,1567330000.0,,2802249000.0,114157000.0,-31.1612,-29.6227,-33.5466,,-2.05750010759924,0.776230685666897,-203.986270540873,2.66345126818495,22450190953.0304,-26.8673,14.6332,85.3668,11.0805,28.7847,1.4042,5.5529,-3627535000.0,18629783.0,0.101104541074168,802,True,Healthcare
bby,Best Buy Co Inc,USD,"NEW YORK STOCK EXCHANGE, INC.",Retail,BBB,High,B,Medium,BB,Medium,430,231,300,961,BBB,High,51761000000.0,40121000000.0,8635000000.0,11640000000.0,,51761000000.0,737000000.0,64.5195,48.0564,57.7548,6.90733433980099,5.38631051025672,4.37682317621523,-5.46198594717769,0.255366124923591,24440987236.8,14.0197,73.6951,26.3049,28.9245,82.7468,5.796,0.9874,2454000000.0,40063112.0,0.162625077566632,961,True,Consumer
bk,Bank of New York Mellon Corp,USD,"NEW YORK STOCK EXCHANGE, INC.",Financial Services,A,High,BB,Medium,BB,Medium,500,300,300,1100,BBB,High,,,,,,16338000000.0,1346000000.0,6.1432,,,,31.2015847066848,2.23650761784879,48.7738016101458,4.91380079876974,46704762857.28,0.6309,,,89.9588,89.933,9.9335,,2560000000.0,52597661.0,0.0532695293293792,1100,True,Financials
axp,American Express Co,USD,"NEW YORK STOCK EXCHANGE, INC.",Financial Services,B,Medium,B,Medium,B,Medium,230,226,208,664,B,Medium,,,,,,55625000000.0,1855000000.0,32.0508,,,,27.3245557473702,8.30871724680264,17.2738273503062,4.05123740895304,124499600000.0,3.2905,,,89.1786,89.1786,9.241,,7514000000.0,100344980.0,0.040177856616133,664,True,Financials
br,Broadridge Financial Solutions Inc,USD,"NEW YORK STOCK EXCHANGE, INC.",Technology,A,High,BB,Medium,BB,Medium,550,313,325,1188,BBB,High,5709100000.0,4116900000.0,832300000.0,1592200000.0,,5709100000.0,73100000.0,28.9201,9.4506,9.438,23.2025188731357,34.6131462037655,9.72378692988536,-374.697733302209,3.26845687033858,21353376000.0,6.5995,21.0151,78.9849,66.4041,76.5082,4.2568,1.0114,539100000.0,29787814.0,0.0993000386119955,1188,True,Tech
bmy,Bristol-Myers Squibb Co,USD,"NEW YORK STOCK EXCHANGE, INC.",Pharmaceuticals,A,High,BB,Medium,BB,Medium,500,321,310,1131,BBB,High,46159000000.0,10137000000.0,17323000000.0,36022000000.0,,46159000000.0,1118000000.0,18.8846,8.3868,8.9896,8.79119772570275,19.1781789300853,3.90651743635588,-24.3118289101683,2.62874711520289,134239550000.0,6.5534,33.3171,66.6829,55.8674,67.8599,3.1114,1.2459,6345000000.0,51529533.0,-0.0179915281468142,1131,True,Healthcare
bro,Brown & Brown Inc,USD,"NEW YORK STOCK EXCHANGE, INC.",Insurance,BBB,High,BB,Medium,BB,Medium,405,320,300,1025,BBB,High,3573400000.0,,2599500000.0,,,3573400000.0,52600000.0,15.2621,9.0977,7.7099,21.3022222674024,32.9248075345936,4.80156421259497,39.2875412109059,6.18987118759165,19853818880.0,4.8077,49.0728,50.9272,46.1134,67.0333,3.0334,1.0869,671800000.0,29036564.0,0.0657209663260471,1025,True,Financials
azo,Autozone Inc,USD,"NEW YORK STOCK EXCHANGE, INC.",Retail,B,Medium,B,Medium,B,Medium,260,222,213,695,B,Medium,16252230000.0,7779580000.0,5201921000.0,8472650000.0,,16252230000.0,672391000.0,,79.0707,94.0548,14.1357863883999,23.0304141808295,-15.8112918897413,-61.6952179715642,3.44289900003876,43257741430.44,15.9057,45.6491,54.3509,236.9984,123.1679,-4.3163,0.7717,2429604000.0,34523911.0,-0.0185387318493955,695,True,Consumer
bsx,Boston Scientific Corp,USD,"NEW YORK STOCK EXCHANGE, INC.",Health Care,A,High,BB,Medium,BB,Medium,525,399,300,1224,A,High,12682000000.0,3955000000.0,6692000000.0,8727000000.0,,12682000000.0,588000000.0,4.0827,2.6747,2.422,26.6512197897323,149.405317289957,5.93472066175677,-100.081488933196,8.22306508976423,60556098265.92,2.1497,25.5286,74.4714,33.7081,45.8807,1.8478,1.5146,698000000.0,37702453.0,-0.0757236894971047,1224,True,Healthcare
bx,Blackstone Inc,USD,"NEW YORK STOCK EXCHANGE, INC.",Financial Services,A,High,BB,Medium,BB,Medium,534,343,320,1197,BBB,High,,,,,,8517673000.0,235497000.0,20.4655,,,,76.6732691702825,17.5023693553034,58.4121948913004,15.731595011141,155330571063.15,7.0287,,,74.8979,53.718,2.1607,,2988909000.0,708850090.0,0.0699263392698149,1197,True,Financials
bxp,Boston Properties Inc,USD,"NEW YORK STOCK EXCHANGE, INC.",Real Estate,A,High,BB,Medium,BB,Medium,532,339,305,1176,BBB,High,,1123003000.0,911603000.0,,146378000.0,3108581000.0,2216235000.0,14.169,,,,9.93315746664986,1.37351254653286,35.7843458283755,2.72627451984413,18030835707.82,4.216,,,72.0635,65.4224,2.892,,1020584000.0,38671364.0,-0.0422483520404019,1176,True,Real_Assets
c,Citigroup Inc,USD,"NEW YORK STOCK EXCHANGE, INC.",Banking,A,High,BB,Medium,BB,Medium,515,300,303,1118,BBB,High,,,,,,,5632000000.0,7.3643,,,,13.2462748266548,1.0792943225446,2.45825769829095,2.80518908688697,119835210165.66,0.618,,,91.6727,91.6481,11.9733,,14934000000.0,56789333.0,0.190406793569673,1118,True,Financials
cat,Caterpillar Inc,USD,"NEW YORK STOCK EXCHANGE, INC.",Machinery,B,Medium,B,Medium,B,Medium,235,239,235,709,B,Medium,59427000000.0,41350000000.0,7465000000.0,18077000000.0,,59427000000.0,2599000000.0,41.449,12.5169,12.684,11.9800490893322,48.7972258000119,20.6178964641175,-145.415732884036,5.50566912327864,110791966000.0,8.1813,47.7366,52.2634,69.9803,80.6073,5.1566,1.3886,6704000000.0,43711379.0,0.180053031500931,709,True,Industrials
carr,Carrier Global Corp,USD,"NEW YORK STOCK EXCHANGE, INC.",Building,B,Medium,B,Medium,B,Medium,210,258,226,694,B,Medium,20421000000.0,14957000000.0,3051000000.0,5464000000.0,,20421000000.0,353000000.0,48.6609,21.5883,21.4702,19.6122135212856,12.9239218669355,5.88723122940835,92.4557487403846,2.23657704704716,46811240621.28,13.7392,33.4925,66.5075,52.8676,69.0409,3.2301,1.6378,3584000000.0,20426921.0,0.140198744525034,694,True,Industrials
cbre,CBRE Group Inc,USD,"NEW YORK STOCK EXCHANGE, INC.",Real Estate,B,Medium,B,Medium,B,Medium,200,209,200,609,B,Medium,,24239488000.0,5321261000.0,,,30828246000.0,360860000.0,17.1825,,,,28.2728242500124,5.06671863626032,-35.0596552610553,1.29070997632301,36120370311.09,6.9416,,,60.2586,58.0482,2.3837,,1423960000.0,49648410.0,0.114199120253966,609,True,Real_Assets
cci,Crown Castle Inc,USD,"NEW YORK STOCK EXCHANGE, INC.",Real Estate,A,High,BB,Medium,B,Medium,500,300,200,1000,BBB,High,6986000000.0,2068000000.0,2457000000.0,4918000000.0,,6986000000.0,1310000000.0,21.3281,5.7694,5.7406,31.5531729667812,20.2987533701015,4.56442635184857,-244.607279819568,4.86693557041512,90175680000.0,4.3036,8.6776,91.3224,74.4705,80.8612,5.225,0.4456,1675000000.0,32664104.0,-0.0334739011267574,1000,True,Real_Assets
dhi,D R Horton Inc,USD,"NEW YORK STOCK EXCHANGE, INC.",Consumer products,B,Medium,B,Medium,B,Medium,250,271,205,726,B,Medium,,22975900000.0,2933700000.0,,,33480000000.0,148200000.0,34.1717,,,,6.72438302760563,2.03070036987467,-59.2925991031161,1.17646575818996,38421405828.45,19.4247,,,35.2632,34.8109,1.534,,5895600000.0,98690363.0,0.0629943253931435,726,True,Consumer
dov,Dover Corp,USD,"NEW YORK STOCK EXCHANGE, INC.",Machinery,A,High,BB,Medium,BB,Medium,500,320,305,1125,BBB,High,8508088000.0,5444532000.0,1684226000.0,3063556000.0,,8508088000.0,220962000.0,25.139,13.946,13.3763,15.885379010914,26.4702464711989,6.57917809736733,-6082.9951045082,3.31458317127185,26158696396.0,9.7772,41.9548,58.0452,46.1826,60.663,2.5421,1.2344,1065376000.0,26416329.0,0.104558894563588,1125,True,Industrials
dri,Darden Restaurants Inc,USD,"NEW YORK STOCK EXCHANGE, INC.",Hotels Restaurants and Leisure,A,High,BB,Medium,BB,Medium,515,309,300,1124,BBB,High,9630000000.0,7635000000.0,834800000.0,1995000000.0,373200000.0,9630000000.0,402500000.0,38.0261,27.8511,30.7434,19.6013671442931,24.0320554666562,10.4165874118051,-30.8345575661594,2.37775103308723,19240294703.28,9.4003,23.2753,76.7247,29.072,78.3125,4.611,0.6384,952800000.0,21606941.0,0.0731474373482085,1124,True,Consumer
ce,Celanese Corp,USD,"NEW YORK STOCK EXCHANGE, INC.",Chemicals,A,High,BB,Medium,BB,Medium,500,319,300,1119,BBB,High,9673000000.0,7293000000.0,998000000.0,2380000000.0,,9673000000.0,543000000.0,38.5508,13.3043,9.3227,7.61958985016611,3.63660323512144,1.22187804281001,7.08613840259259,0.712056913813708,18154468904.1,7.2396,20.1716,79.8284,72.2534,76.7623,4.3034,1.6251,1902000000.0,24527365.0,0.13541593761409,1119,True,Energy_Materials
dg,Dollar General Corp,USD,"NEW YORK STOCK EXCHANGE, INC.",Retail,B,Medium,B,Medium,B,Medium,247,222,200,669,B,Medium,34220449000.0,23407443000.0,7592331000.0,10813006000.0,,34220449000.0,1070460000.0,37.1305,22.6063,22.9942,14.6488362258343,10.9441621875667,4.19317196391049,-25.4496099179257,0.767306826792366,54643344838.32,9.1131,29.7994,70.2006,39.9851,76.2149,4.2043,1.0543,2399232000.0,34186235.0,0.0738819879427951,669,True,Consumer
cmg,Chipotle Mexican Grill Inc,USD,"NEW YORK STOCK EXCHANGE, INC.",Hotels Restaurants and Leisure,B,Medium,B,Medium,B,Medium,210,241,213,664,B,Medium,8634652000.0,6572533000.0,880577000.0,2062119000.0,564191000.0,8634652000.0,479164000.0,38.5434,38.5434,37.9684,37.4594298423939,46.6009357235728,17.6936406065313,-95.8207122241941,4.85241882475403,49090860000.0,12.9787,20.219,79.781,0.0,65.8171,2.9254,1.2755,899101000.0,47568778.0,0.00352521744245,664,True,Consumer
dgx,Quest Diagnostics Inc,USD,"NEW YORK STOCK EXCHANGE, INC.",Health Care,B,Medium,BB,Medium,B,Medium,230,300,205,735,B,Medium,9883000000.0,6450000000.0,1994000000.0,3433000000.0,,9883000000.0,404000000.0,15.336,9.2126,9.4531,7.29548516687268,23.0126969429175,3.69421539249958,-39.0844009120287,2.20277358170596,20588190000.0,7.9068,22.7086,77.2914,40.863,53.2056,2.137,1.2237,1015000000.0,50469209.0,-0.0141734261053188,735,True,Healthcare
ccl,Carnival Corp,USD,"NEW YORK STOCK EXCHANGE, INC.",Hotels Restaurants and Leisure,A,High,BB,Medium,BB,Medium,515,326,320,1161,BBB,High,12168000000.0,11757000000.0,4790000000.0,411000000.0,,12168000000.0,4940000000.0,-63.4357,-14.0098,-14.6428,-7.96412714803907,-5.13112475814213,4.42518657485633,-10.6376125047159,2.56935758969099,19738694874.36,-11.7846,23.7578,76.2422,83.0213,86.3354,7.3182,0.7065,-6093000000.0,26047898.0,-0.0698557400520611,1161,True,Consumer
chd,Church & Dwight Co Inc,USD,"NEW YORK STOCK EXCHANGE, INC.",Consumer products,A,High,BB,Medium,BB,Medium,578,341,348,1267,A,High,5375600000.0,3125600000.0,1652200000.0,2250000000.0,,5375600000.0,178800000.0,12.3128,6.9217,6.7154,21.1665034697793,53.349833927712,6.3272575898106,743.484722649158,4.10772681424957,24860962540.0,4.9595,24.3796,75.6204,43.377,58.1828,2.3914,1.1792,413900000.0,17737491.0,-0.0023120713418308,1267,True,Consumer
dow,Dow Inc,USD,"NEW YORK STOCK EXCHANGE, INC.",Chemicals,B,Medium,B,Medium,B,Medium,225,201,200,626,B,Medium,56902000000.0,48338000000.0,2862000000.0,8564000000.0,,56902000000.0,2058000000.0,23.5681,13.3871,12.7397,4.55358075336363,6.18094059839371,1.36697894689835,33.2017231205627,0.497716597339988,41701412326.48,7.6564,28.791,71.209,42.0929,64.9407,2.8523,1.8072,4640000000.0,46755652.0,0.211469336139761,626,True,Energy_Materials
duk,Duke Energy Corp,USD,"NEW YORK STOCK EXCHANGE, INC.",Utilities,AA,Excellent,BB,Medium,BB,Medium,604,362,328,1294,A,High,28768000000.0,20878000000.0,1466000000.0,7890000000.0,,28768000000.0,11367000000.0,5.1715,2.1169,1.9632,12.404422205115,39.4795522833333,2.12569379903927,1212.92600388554,3.49947366248957,80668100000.0,1.3785,14.9509,85.0491,60.3804,70.8832,3.4344,0.7006,2455000000.0,46978582.0,-0.0655085383703405,1294,True,Real_Assets
cf,CF Industries Holdings Inc,USD,"NEW YORK STOCK EXCHANGE, INC.",Chemicals,A,High,BB,Medium,BB,Medium,525,307,310,1142,BBB,High,11186000000.0,5325000000.0,290000000.0,5861000000.0,,11186000000.0,453000000.0,81.0464,45.5641,41.7415,6.65655230407039,6.08589195787209,4.03155701663829,29.2998481885468,1.82043576712319,14692227722.84,29.5726,18.2234,81.7766,36.9885,41.0125,1.6953,3.6915,3937000000.0,31355591.0,0.0710191510269058,1142,True,Energy_Materials
dvn,Devon Energy Corp,USD,"NEW YORK STOCK EXCHANGE, INC.",Energy,A,High,BB,Medium,BB,Medium,570,301,300,1171,BBB,High,19169000000.0,10829000000.0,300000000.0,8340000000.0,395000000.0,19169000000.0,5125000000.0,58.8869,36.0709,34.1625,6.60129549050633,5.29293433083957,2.85098952270081,-38.96817625459,1.66085867807397,29205150000.0,25.45,24.9899,75.0101,36.5764,52.3797,2.0999,1.2531,6037000000.0,39120466.0,0.316710634380098,1171,True,Energy_Materials
ecl,Ecolab Inc,USD,"NEW YORK STOCK EXCHANGE, INC.",Chemicals,A,High,BB,Medium,BB,Medium,547,373,325,1245,A,High,14187800000.0,8831000000.0,3653800000.0,5356800000.0,,14187800000.0,712800000.0,15.0993,6.8663,6.9023,29.2278522378413,68.3617117284968,10.3136331302774,312.653878064516,5.26018697007288,67303871000.0,5.1663,29.6388,70.3612,54.2497,66.1829,2.9571,1.3049,1108900000.0,28399980.0,-0.0101995969911643,1245,True,Energy_Materials
hd,Home Depot Inc,USD,"NEW YORK STOCK EXCHANGE, INC.",Retail,B,Medium,BB,Medium,B,Medium,230,317,205,752,BB,Medium,151157000000.0,100325000000.0,27792000000.0,50832000000.0,,151157000000.0,2566000000.0,,41.641,42.8054,22.4768332378117,19.9062889173237,-192.877385482535,-58.9193166027341,2.1641078202027,433369700846.77,22.863,38.9999,61.0001,104.4178,102.3596,-42.3797,1.0126,16433000000.0,38736945.0,0.0439105956372168,752,True,Consumer
dte,DTE Energy Co,USD,"NEW YORK STOCK EXCHANGE, INC.",Utilities,A,High,BB,Medium,B,Medium,592,313,210,1115,BBB,High,19228000000.0,17028000000.0,456000000.0,2200000000.0,,19228000000.0,3378000000.0,11.3391,3.8388,3.6541,14.6406246766846,27.7351614160942,2.88902373892757,3754.64747670375,1.56215830110412,23160577225.86,2.5373,16.0244,83.9756,64.8227,75.632,4.1037,0.808,1083000000.0,22225102.0,-0.0846743053601709,1115,True,Real_Assets
eix,Edison International,USD,"NEW YORK STOCK EXCHANGE, INC.",Utilities,AA,Excellent,A,High,BB,Medium,700,513,315,1528,A,High,17220000000.0,13660000000.0,501000000.0,3560000000.0,,17220000000.0,5778000000.0,5.2303,1.8157,1.2946,12.4725654247688,33.0580026119782,1.99661321939969,52.0837364288145,1.58186957910976,25960808396.25,1.0559,17.0971,82.9029,66.9572,77.5477,4.4539,0.6833,824000000.0,23467735.0,-0.0672737154227565,1528,True,Real_Assets
glw,Corning Inc,USD,"NEW YORK STOCK EXCHANGE, INC.",Electrical Equipment,B,Medium,B,Medium,B,Medium,200,200,200,600,B,Medium,14189000000.0,9683000000.0,3068000000.0,4506000000.0,,14189000000.0,1604000000.0,10.813,6.8728,6.956,8.58120950323974,88.220013761307,9.6683492763058,-243.391065219874,8.18222130593276,30900900000.0,4.6985,30.0453,69.9547,36.5294,58.3884,2.4032,1.4402,1386000000.0,42520848.0,0.120900274677742,600,True,Industrials
dva,DaVita Inc,USD,"NEW YORK STOCK EXCHANGE, INC.",Health Care,B,Medium,BB,Medium,BB,Medium,260,332,300,892,BB,Medium,11609894000.0,8209553000.0,2087799000.0,3400341000.0,1355197000.0,11609894000.0,603429000.0,76.3574,5.8072,5.8155,8.62147153233423,18.6858815132049,14.700527567434,-48.4859911747411,0.901952076392773,11067596640.0,4.6174,17.8172,82.1828,92.6079,86.8575,7.6089,1.2044,781643000.0,15704576.0,-0.0904808217048287,892,True,Healthcare
wdc,Western Digital Corp,USD,NASDAQ NMS - GLOBAL MARKET,Technology,A,High,BB,Medium,B,Medium,545,339,260,1144,BBB,High,18793000000.0,12919000000.0,3483000000.0,5874000000.0,,18793000000.0,1122000000.0,13.0765,7.7541,7.795,10.2649039231385,61.7840106524667,7.58334145967597,-88.8552406315437,4.93141148186559,20410730000.0,5.7123,37.3059,62.6941,36.4912,53.4598,2.1487,1.805,1500000000.0,78010045.0,0.222984461604288,1144,True,Tech
gs,Goldman Sachs Group Inc,USD,"NEW YORK STOCK EXCHANGE, INC.",Financial Services,A,High,BB,Medium,BB,Medium,525,305,305,1135,BBB,High,,,,,,47365000000.0,3748000000.0,9.9166,,,,21.5499348589717,2.27892696173093,-12.6320241760908,5.43502388458858,127608448317.7,0.781,,,91.8684,91.827,12.2354,,11261000000.0,127846431.0,0.231299430340842,1135,True,Financials
dxc,DXC Technology Co,USD,"NEW YORK STOCK EXCHANGE, INC.",Technology,A,High,BB,Medium,BB,Medium,505,326,305,1136,BBB,High,16265000000.0,12683000000.0,3125000000.0,3582000000.0,,16265000000.0,549000000.0,14.3242,7.0042,7.1678,3.57757409435695,2.88213641917827,0.409614795916469,-6.99112820597973,0.127228647339072,7994585466.39,3.6546,46.417,53.583,49.5657,73.3105,3.7468,1.0865,736000000.0,51760365.0,0.211246990104494,1136,True,Tech
etn,Eaton Corporation PLC,USD,"NEW YORK STOCK EXCHANGE, INC.",Electrical Equipment,A,High,BB,Medium,BB,Medium,520,328,320,1168,BBB,High,20752000000.0,13865000000.0,3892000000.0,6887000000.0,,20752000000.0,598000000.0,14.7149,9.7113,9.5831,20.3545353588266,56.2980759504267,8.13275210812397,-46183.1883046667,6.67644395306476,68920616000.0,7.04,35.4515,64.5485,33.6888,51.2366,2.0507,1.3752,2465000000.0,24949650.0,0.0726644886937205,1168,True,Industrials
ed,Consolidated Edison Inc,USD,"NEW YORK STOCK EXCHANGE, INC.",Utilities,AA,Excellent,BB,Medium,BB,Medium,700,358,300,1358,A,High,15670000000.0,,13046000000.0,,,15670000000.0,4168000000.0,8.9936,4.0084,4.339,12.4194423791822,24.2688640275663,2.38691280280602,104.912276785833,2.57091986507722,30203280000.0,2.7853,14.8791,85.1209,55.8837,70.6189,3.4035,0.8693,1600000000.0,19381264.0,-0.0511930819712919,1358,True,Real_Assets
hsy,Hershey Co,USD,"NEW YORK STOCK EXCHANGE, INC.",Food Products,A,High,BB,Medium,BB,Medium,525,361,300,1186,BBB,High,10419294000.0,5920509000.0,2236009000.0,4498785000.0,,10419294000.0,519481000.0,54.3133,20.7195,20.3292,20.8500608118124,25.9313084856005,12.9267126091848,316.827414552937,4.09358417464369,42863863746.75,15.0228,42.5812,57.4188,59.219,69.8639,3.3183,0.8045,1644817000.0,28871818.0,-0.0119200580487477,1186,True,Consumer
jnj,Johnson & Johnson,USD,"NEW YORK STOCK EXCHANGE, INC.",Pharmaceuticals,A,High,BB,Medium,BB,Medium,565,308,300,1173,BBB,High,94943000000.0,31089000000.0,39368000000.0,63854000000.0,,,4009000000.0,23.7902,16.0018,15.4049,19.5936839149731,32.1355677748531,7.50669524306859,-1601.51172624622,6.07253005960039,450358363486.83,9.5748,50.4658,49.5342,34.0529,59.0112,2.4397,0.9909,17941000000.0,72013459.0,-0.0080745114924176,1173,True,Healthcare
jpm,JPMorgan Chase & Co,USD,"NEW YORK STOCK EXCHANGE, INC.",Banking,A,High,BB,Medium,BB,Medium,505,319,338,1162,BBB,High,,,,,,128695000000.0,,12.8486,,,,20.8784494769217,2.96917072749011,-4.53120082080933,6.431544343634,466206017110.75,1.0278,,,92.0253,92.0253,12.5397,,37676000000.0,109891372.0,0.130998853517794,1162,True,Financials
ko,Coca-Cola Co,USD,"NEW YORK STOCK EXCHANGE, INC.",Beverages,B,Medium,B,Medium,B,Medium,200,201,200,601,B,Medium,43004000000.0,18000000000.0,12880000000.0,25004000000.0,,43004000000.0,1484000000.0,40.5146,14.7922,15.0852,18.8505230951441,33.690754389345,13.3365350916046,-1607.38589191565,7.47551805374221,256083250000.0,10.3177,29.4665,70.5335,61.8917,72.1592,3.5918,1.1454,9571000000.0,52401854.0,-0.0349405001719601,601,True,Consumer
kmx,Carmax Inc,USD,"NEW YORK STOCK EXCHANGE, INC.",Retail,B,Medium,B,Medium,BB,Medium,251,237,300,788,BB,Medium,31900412000.0,28612870000.0,2537176000.0,3287542000.0,,31900412000.0,308534000.0,23.9852,5.308,4.8085,32.2986997400061,5.25657639851402,1.15594521068434,191.08587155063,0.189711676384618,21055568949.18,4.3712,9.7023,90.2977,78.1335,80.1223,5.0308,3.1987,1151297000.0,36106701.0,-0.002935085312353,788,True,Consumer
ldos,Leidos Holdings Inc,USD,"NEW YORK STOCK EXCHANGE, INC.",Professional Services,A,High,BB,Medium,BB,Medium,500,300,300,1100,BBB,High,14396000000.0,12312000000.0,950000000.0,2084000000.0,,14396000000.0,129000000.0,15.9488,7.3711,7.4303,11.489837398374,29.0126884908321,4.62286383257037,-55.3584724685794,1.38050094583356,12446000000.0,5.3018,45.2741,54.7259,53.368,66.6973,3.0028,0.923,693000000.0,27532748.0,0.197521168625139,1100,True,Industrials
leg,Leggett & Platt Inc,USD,"NEW YORK STOCK EXCHANGE, INC.",Consumer products,A,High,BB,Medium,BB,Medium,500,300,300,1100,BBB,High,5146700000.0,4169900000.0,494100000.0,976800000.0,,5146700000.0,100300000.0,18.8403,8.3027,8.3183,19.1529426784118,4.34211807811491,0.819886743828854,-29.7608004557522,0.261369067674432,13171200000.0,5.9756,27.3112,72.6888,55.9461,68.35,3.1596,2.0225,309900000.0,20556353.0,0.0943620846490658,1100,True,Consumer
mcd,McDonald's Corp,USD,"NEW YORK STOCK EXCHANGE, INC.",Hotels Restaurants and Leisure,A,High,BB,Medium,BB,Medium,505,326,305,1136,BBB,High,23182600000.0,9975400000.0,2862600000.0,13207200000.0,,23182600000.0,1899200000.0,,20.2798,20.6601,18.9340772870662,35.5268320770972,-36.5565267137056,-103.257482108337,9.46673162083028,199658536000.0,12.2481,6.7367,93.2633,120.0782,111.9031,-8.4012,1.4266,6177400000.0,46623933.0,-0.0652015202305518,1136,True,Consumer
lin,Linde PLC,USD,"NEW YORK STOCK EXCHANGE, INC.",Chemicals,B,Medium,B,Medium,B,Medium,210,240,275,725,B,Medium,33364000000.0,19450000000.0,8545000000.0,13914000000.0,,33364000000.0,3173000000.0,9.8664,7.1387,7.1572,19.1057867565178,55.3670533774873,5.7361639441501,87.8710946637734,6.88188377761779,176222316911.97,5.3742,43.0587,56.9413,30.9171,48.0441,1.9247,0.7917,4281000000.0,38136057.0,-0.0565113413963166,725,True,Energy_Materials
lumn,Lumen Technologies Inc,USD,"NEW YORK STOCK EXCHANGE, INC.",Telecommunication,A,High,BB,Medium,BB,Medium,535,327,305,1167,BBB,High,17478000000.0,7868000000.0,6317000000.0,9610000000.0,,17478000000.0,3016000000.0,-13.8977,-4.3101,-4.9921,6.24569577380952,-4.47334532095607,0.66347978890869,7.71129015238307,0.396197422865316,12845075600.0,-3.3962,13.6666,86.3334,66.342,77.1023,4.3673,1.1285,-1548000000.0,54177312.0,-0.0690398813455202,1167,True,Tech
lyb,LyondellBasell Industries NV,USD,"NEW YORK STOCK EXCHANGE, INC.",Chemicals,A,High,BB,Medium,BB,Medium,587,352,330,1269,A,High,50451000000.0,43847000000.0,1434000000.0,6604000000.0,,50451000000.0,1890000000.0,31.782,16.4065,16.1765,4.81615556596401,6.43842907949601,1.98486331273563,36.8763633139323,0.496304348579017,30393141157.47,10.6943,28.6174,71.3826,47.297,64.9581,2.8537,1.7522,3889000000.0,53101796.0,0.158838492078203,1269,True,Energy_Materials
mco,Moody's Corp,USD,"NEW YORK STOCK EXCHANGE, INC.",Financial Services,A,High,BB,Medium,B,Medium,515,308,235,1058,BBB,High,5468000000.0,1613000000.0,1858000000.0,3855000000.0,,5468000000.0,283000000.0,52.3828,13.7071,13.8676,24.4248157075212,56.0025582860262,30.5468499741961,-1832.0836925,14.0723326783102,72507188397.04,9.5756,20.3688,79.6312,74.5761,81.26,5.3362,1.7238,1374000000.0,21171354.0,-0.0508992115448855,1058,True,Financials
mck,Mckesson Corp,USD,"NEW YORK STOCK EXCHANGE, INC.",Health Care,A,High,BB,Medium,BB,Medium,500,303,310,1113,BBB,High,263966000000.0,250836000000.0,10537000000.0,13130000000.0,,263966000000.0,535000000.0,,20.7565,30.8844,-10.4184126888534,94.9508684949372,-46.5560156264789,-42.9806044304592,0.400715499357341,37235382819.46,2.0332,74.46,25.54,162.9886,102.8311,-35.3225,0.9539,1287000000.0,39416141.0,0.0082554713285576,1113,True,Healthcare
mas,Masco Corp,USD,"NEW YORK STOCK EXCHANGE, INC.",Building,A,High,BB,Medium,BB,Medium,522,323,305,1150,BBB,High,8680000000.0,5967000000.0,1390000000.0,2713000000.0,,8680000000.0,224000000.0,,30.9668,31.4489,22.6973349225268,14.5202730404621,-25.5314800961458,-25.8546633885021,1.41187908365783,16937064000.0,17.4475,34.7946,65.2054,117.9708,104.6655,-21.4339,1.5596,905000000.0,14009170.0,0.016008842526158,1150,True,Industrials
low,Lowe's Companies Inc,USD,"NEW YORK STOCK EXCHANGE, INC.",Retail,B,Medium,B,Medium,B,Medium,218,200,200,618,B,Medium,96250000000.0,64194000000.0,19963000000.0,32056000000.0,,96250000000.0,1853000000.0,,39.1486,42.2329,19.0808538859365,15.6588215051966,-27.4484574640511,-37.1638378259404,1.37342099892852,174150173412.72,18.9113,39.7687,60.2313,124.1876,110.7885,-9.2691,1.0199,8442000000.0,44741393.0,0.0800033262518431,618,True,Consumer
mdt,Medtronic PLC,USD,"NEW YORK STOCK EXCHANGE, INC.",Health Care,A,High,BB,Medium,BB,Medium,515,308,315,1138,BBB,High,31686000000.0,10145000000.0,15633000000.0,21541000000.0,,31686000000.0,1368000000.0,9.6924,6.5238,6.5728,24.5289529717751,22.3374071827505,2.14192568589686,930.233014825455,3.5523005363214,139094502754.8,5.5627,32.3941,67.6059,31.4541,42.0527,1.7257,1.8605,5061000000.0,56864448.0,0.0219541747200474,1138,True,Healthcare
mkc,McCormick & Company Inc,USD,"NEW YORK STOCK EXCHANGE, INC.",Food Products,A,High,BB,Medium,BB,Medium,500,300,300,1100,BBB,High,6350500000.0,4076000000.0,1357100000.0,2274500000.0,,6350500000.0,262000000.0,15.1394,7.0499,7.0009,27.2075127987478,20.1192158785527,2.9582404374789,-782.262393650847,2.18030775019605,25824589098.2517,5.1962,40.7373,59.2627,52.386,64.1963,2.793,0.6953,682000000.0,24195384.0,-0.0140975573722245,1100,True,Consumer
met,MetLife Inc,USD,"NEW YORK STOCK EXCHANGE, INC.",Insurance,A,High,BB,Medium,BB,Medium,517,305,305,1127,BBB,High,,,11096000000.0,,,69898000000.0,,5.3723,,,,17.910294086089,1.68173952235873,575.623249171899,0.65057994055023,51588011284.83,0.3837,,,95.9422,95.9066,24.4296,,2558000000.0,51922548.0,0.0893134825353102,1127,True,Financials
mgm,MGM Resorts International,USD,"NEW YORK STOCK EXCHANGE, INC.",Hotels Restaurants and Leisure,A,High,BB,Medium,B,Medium,500,300,200,1000,BBB,High,13127485000.0,6652983000.0,7152664000.0,6474502000.0,4226617000.0,13127485000.0,765067000.0,27.0238,9.0506,10.579,10.334511499392,6.52469155635795,1.98932417850126,11.5338329265272,0.732164421351843,20366712703.92,0.4524,11.1991,88.8009,64.5347,88.2508,8.5112,1.8058,206731000.0,36700042.0,0.0925612626325856,1000,True,Consumer
mo,Altria Group Inc,USD,"NEW YORK STOCK EXCHANGE, INC.",Tobacco,A,High,BB,Medium,BB,Medium,500,327,341,1168,BBB,High,25096000000.0,10850000000.0,2327000000.0,14246000000.0,,25096000000.0,205000000.0,,23.4571,25.327,21.3327519191243,18.7435902813914,-27.1930667963604,-214.787384457137,4.30499100979997,86400292537.02,15.5978,21.0779,78.9221,117.4968,110.6159,-9.4198,0.838,5764000000.0,41344016.0,-0.0695010582963024,1168,True,Consumer
bwa,Borgwarner Inc,USD,"NEW YORK STOCK EXCHANGE, INC.",Auto Components,B,Medium,B,Medium,B,Medium,260,206,230,696,B,Medium,15801000000.0,12700000000.0,1610000000.0,3101000000.0,,15801000000.0,723000000.0,13.322,8.3073,8.2431,8.73910603615631,11.9533125877966,1.56200541014396,-22.3002511519368,0.714127402245427,10806744522.44,6.0374,44.6553,55.3447,36.9193,55.8197,2.2635,1.5621,1026000000.0,44141099.0,0.194335778630477,696,True,Consumer
mrk,Merck & Co Inc,USD,"NEW YORK STOCK EXCHANGE, INC.",Pharmaceuticals,A,High,BB,Medium,BB,Medium,500,305,315,1120,BBB,High,59283000000.0,17411000000.0,23590000000.0,41872000000.0,,59283000000.0,4388000000.0,34.4972,19.6245,18.934,11.7640154959055,20.2521923628893,6.39345917498619,63.8388147887082,4.9599645921561,193715608803.36,13.3071,38.4124,61.5876,40.0237,57.8069,2.3701,1.4737,14526000000.0,64803636.0,-0.105154341103828,1120,True,Healthcare
mpc,Marathon Petroleum Corp,USD,"NEW YORK STOCK EXCHANGE, INC.",Energy,AA,Excellent,BB,Medium,BB,Medium,700,366,315,1381,A,High,179169000000.0,154886000000.0,3597000000.0,24283000000.0,,179952000000.0,2420000000.0,53.8417,27.3474,26.6618,7.78906029548782,5.04181111344999,2.64069746068338,21.9319538875757,0.40847987164543,37050210000.0,17.8524,36.5215,63.4785,49.0674,60.9728,2.5623,1.7603,16050000000.0,46613537.0,0.147407270902541,1381,True,Energy_Materials
ms,Morgan Stanley,USD,"NEW YORK STOCK EXCHANGE, INC.",Financial Services,A,High,BB,Medium,BB,Medium,555,303,320,1178,BBB,High,,,,,,53668000000.0,3078000000.0,10.7295,,,,23.5004462258936,2.83601691003906,644.742341854179,4.85476926323106,173961756184.8,0.9472,,,91.5073,91.4228,11.6588,,11179000000.0,104535087.0,0.185236878413576,1178,True,Financials
mtb,M&T Bank Corp,USD,"NEW YORK STOCK EXCHANGE, INC.",Banking,A,High,BB,Medium,B,Medium,500,303,260,1063,BBB,High,,,,,,,214388000.0,9.2161,,,,15.3910685914033,1.31519753365606,167.812587079002,4.00099011754135,19764064759.74,0.9922,,,87.387,87.387,7.9283,,1991663000.0,28899884.0,0.109421049517449,1063,True,Financials
mtd,Mettler-Toledo International Inc,USD,"NEW YORK STOCK EXCHANGE, INC.",Life Sciences Tools and Services,A,High,BB,Medium,B,Medium,505,300,240,1045,BBB,High,3919709000.0,1611667000.0,1181822000.0,2308042000.0,,3919709000.0,121241000.0,889.3372,44.8277,42.7838,38.0918216283721,29.4734010351839,1037.21217077401,-9898.22992686682,6.56058940855048,38769542842.63,24.9829,33.0987,66.9013,98.7843,99.2901,140.8621,1.1981,872502000.0,12809161.0,0.123243386719267,1045,True,Healthcare
msi,Motorola Solutions Inc,USD,"NEW YORK STOCK EXCHANGE, INC.",Communications,A,High,BB,Medium,BB,Medium,505,305,347,1157,BBB,High,9112000000.0,4883000000.0,2468000000.0,4229000000.0,,9112000000.0,256000000.0,3586.8421,23.135,22.2349,22.6914422202002,54.6941797425678,642.656611975172,-135.789010909144,8.18131771171203,45835790000.0,10.668,35.9536,64.0464,98.1077,98.9777,97.8168,1.1524,1367000000.0,46351666.0,0.0697091402842899,1157,True,Tech
nee,Nextera Energy Inc,USD,"NEW YORK STOCK EXCHANGE, INC.",Utilities,AA,Excellent,BB,Medium,BB,Medium,668,306,313,1287,A,High,20956000000.0,,17397000000.0,,,20956000000.0,9742000000.0,10.8516,4.2268,3.98,32.1984950602247,45.800304373822,4.84166974019832,89.3806410532894,9.06345973650697,183265680000.0,2.0423,24.3792,75.6208,62.3504,68.8955,3.215,0.5053,3246000000.0,84979834.0,-0.0180684963829229,1287,True,Real_Assets
msci,MSCI Inc,USD,"NEW YORK STOCK EXCHANGE, INC.",Financial Services,A,High,BB,Medium,BB,Medium,580,347,335,1262,A,High,2248598000.0,404341000.0,636617000.0,1844257000.0,146857000.0,2248598000.0,72895000.0,,23.2092,24.845,46.2089671090045,44.9082520869358,-38.7885127802961,-91.370138574804,17.3867946800984,50509550910.0,17.42,20.8232,79.1768,128.7648,120.1684,-4.9582,1.3978,870573000.0,31575746.0,0.053901198321874,1262,True,Financials
nclh,Norwegian Cruise Line Holdings Ltd,USD,"NEW YORK STOCK EXCHANGE, INC.",Hotels Restaurants and Leisure,BBB,High,BB,Medium,BB,Medium,495,306,300,1101,BBB,High,4843760000.0,,6395517000.0,,,4843760000.0,1783857000.0,-181.5026,-15.8905,-16.5806,-5.10860437102361,-3.98367554551746,131.833345101398,-16.1572757993246,1.86685157271417,8646338317.1,-12.2316,27.3396,72.6604,99.499,99.6304,270.5558,0.3705,-2269909000.0,32807783.0,-0.0070557885494923,1101,True,Consumer
ni,NiSource Inc,USD,"NEW YORK STOCK EXCHANGE, INC.",Utilities,BB,Medium,BB,Medium,B,Medium,361,322,223,906,BBB,High,5850600000.0,2110500000.0,2578500000.0,3740100000.0,,,2203100000.0,11.0737,4.5124,3.9649,11.5930006500921,27.0420933842059,3.6067188525668,-1115.10498924308,3.71663543743206,11190416465.03,2.9615,24.7441,75.2559,59.8992,70.4458,3.3836,0.5545,791800000.0,24255290.0,-0.0689056589724505,906,True,Real_Assets
noc,Northrop Grumman Corp,USD,"NEW YORK STOCK EXCHANGE, INC.",Aerospace and Defense,A,High,BB,Medium,BB,Medium,505,302,300,1107,BBB,High,36602000000.0,29128000000.0,3873000000.0,7474000000.0,3873000000.0,36602000000.0,1435000000.0,34.6767,18.5384,18.0551,6.80082653145426,20.0588934877022,6.41381547255682,-103.051775987188,2.68314142712939,60493011610.61,11.1896,40.7376,59.2624,43.5336,65.0051,2.8576,1.0778,4896000000.0,46503274.0,0.111118348598351,1107,True,Industrials
now,ServiceNow Inc,USD,"NEW YORK STOCK EXCHANGE, INC.",Technology,A,High,BB,Medium,BB,Medium,550,374,350,1274,A,High,7245000000.0,1573000000.0,5317000000.0,5672000000.0,735000000.0,7245000000.0,550000000.0,7.4481,5.5136,4.9862,125.965581436893,333.561353846154,21.5436089030207,-421.818832684825,14.9630697032436,129567548880.0,2.4438,72.6382,27.3618,22.7984,62.1626,2.6429,1.1081,325000000.0,97230449.0,-0.0072423496994758,1274,True,Tech
nue,Nucor Corp,USD,"NEW YORK STOCK EXCHANGE, INC.",Metals and Mining,BB,Medium,BB,Medium,B,Medium,374,340,225,939,BBB,High,41512467000.0,29009187000.0,1997178000.0,12503280000.0,,41512467000.0,1947897000.0,46.9139,33.9558,30.1767,3.42316191612608,4.97057825046399,2.05340712347161,20.4111192155242,0.910879708405429,31095829800.0,24.8763,33.5397,66.4603,26.6523,39.7464,1.6597,3.3932,8079640000.0,64407303.0,0.283354022842767,939,True,Energy_Materials
nsc,Norfolk Southern Corp,USD,"NEW YORK STOCK EXCHANGE, INC.",Road and Rail,BB,Medium,BB,Medium,BB,Medium,358,339,330,1027,BBB,High,12745000000.0,,7936000000.0,,,,1948000000.0,24.7971,11.8059,11.7105,16.5775576617711,19.454667658104,4.99621167376109,-166.101209509138,4.9915075121224,71498864210.9,8.4094,10.1292,89.8708,54.3865,67.2547,3.0539,0.7576,3270000000.0,40057431.0,0.0970759303192701,1027,True,Transport
nvr,NVR Inc,USD,"NEW YORK STOCK EXCHANGE, INC.",Consumer products,B,Medium,B,Medium,B,Medium,265,206,205,676,B,Medium,10526434000.0,7662271000.0,625299000.0,2864163000.0,92946000.0,10326770000.0,18428000.0,53.0194,38.6019,39.0248,11.5966890906195,10.5726308199875,5.20235328843643,-292.060759888579,1.73314794233261,20370480701.67,30.482,53.2212,46.7788,20.6907,38.0522,1.6143,4.2562,1725575000.0,95972443.0,-0.0207973815985422,676,True,Consumer
pgr,Progressive Corp,USD,"NEW YORK STOCK EXCHANGE, INC.",Insurance,BB,Medium,BB,Medium,B,Medium,350,355,270,975,BBB,High,,,10322400000.0,,,49610700000.0,292000000.0,4.2289,,,,164.503058046985,7.70852669534523,6313.24236068617,2.3924064038786,59988660000.0,0.9561,,,78.9426,78.9426,4.7489,,721500000.0,20572098.0,-0.0572708983016236,975,True,Financials
pfe,Pfizer Inc,USD,"NEW YORK STOCK EXCHANGE, INC.",Pharmaceuticals,A,High,BB,Medium,BB,Medium,500,300,300,1100,BBB,High,100330000000.0,34344000000.0,28714000000.0,65986000000.0,,100330000000.0,3236000000.0,36.2995,25.391,23.8604,12.0224339174822,4.99682517602697,1.63881198265406,-103.478807308693,1.56254752389784,331861000000.0,15.9271,41.6022,58.3978,27.2485,51.3618,2.056,1.2165,31409000000.0,111636721.0,-0.0260429110298813,1100,True,Healthcare
phm,Pultegroup Inc,USD,"NEW YORK STOCK EXCHANGE, INC.",Consumer products,B,Medium,B,Medium,B,Medium,215,203,240,658,B,Medium,,11394497000.0,1392340000.0,,,16228995000.0,112661000.0,31.9115,,,,8.57325763749672,2.51724099959413,-30.3634216494455,1.38264464065705,14251466900.68,17.6887,,,39.7554,39.7554,1.6599,,2617317000.0,34535112.0,0.112042688549652,658,True,Consumer
ph,Parker-Hannifin Corp,USD,"NEW YORK STOCK EXCHANGE, INC.",Machinery,BB,Medium,BB,Medium,B,Medium,325,303,225,853,BB,Medium,15861608000.0,11387267000.0,1627116000.0,4474341000.0,,15861608000.0,230044000.0,15.2566,7.4515,6.4718,16.5211963662706,86.4842807927455,12.859291453451,19.2364815256784,7.17324197094897,40871304928.08,5.0732,34.2971,65.7029,56.4741,65.8498,2.9282,2.056,1316186000.0,45192861.0,0.0068343163134721,853,True,Industrials
pld,Prologis Inc,USD,"NEW YORK STOCK EXCHANGE, INC.",Real Estate,A,High,BB,Medium,BB,Medium,579,374,315,1268,A,High,,1509094000.0,2143860000.0,,331083000.0,5973692000.0,6161079000.0,7.7653,,,,35.9443637125155,2.27459139395397,-435.636874101299,20.2467097239429,124557273720.0,4.0449,,,36.0679,34.1698,1.5191,,3555398000.0,121489661.0,-0.0139165813559904,1268,True,Real_Assets
ppg,PPG Industries Inc,USD,"NEW YORK STOCK EXCHANGE, INC.",Chemicals,B,Medium,B,Medium,B,Medium,293,236,220,749,B,Medium,17652000000.0,11096000000.0,4844000000.0,6556000000.0,,17652000000.0,518000000.0,15.9342,7.8097,7.6521,18.7210876420235,22.9709900891813,3.57527849385619,250.725913101064,1.33515951911965,40679807563.44,5.081,33.6373,66.3627,50.8353,67.6581,3.092,1.5194,1054000000.0,23672807.0,0.108109640829708,749,True,Energy_Materials
psa,Public Storage,USD,"NEW YORK STOCK EXCHANGE, INC.",Real Estate,B,Medium,B,Medium,B,Medium,235,245,205,685,B,Medium,,1052907000.0,1002888000.0,,114742000.0,4182163000.0,1531228000.0,44.8167,,,,10.8153352509055,8.21844819924758,1072.27489594616,11.2471663252891,65598361464.8,24.8758,,,42.3022,42.0771,1.7264,,4366274000.0,18268779.0,-0.0406345524389538,685,True,Real_Assets
pnc,PNC Financial Services Group Inc,USD,"NEW YORK STOCK EXCHANGE, INC.",Banking,BBB,High,BB,Medium,BB,Medium,455,323,300,1078,BBB,High,,,,,,21120000000.0,,11.9071,,,,13.7239592170435,1.81121242692708,-86.27100689923,4.01620101875503,84218400000.0,1.097,,,91.7854,91.7791,12.1641,,6113000000.0,84982156.0,0.138609605752924,1078,True,Financials
pm,Philip Morris International Inc,USD,"NEW YORK STOCK EXCHANGE, INC.",Tobacco,A,High,BB,Medium,BB,Medium,520,327,315,1162,BBB,High,31762000000.0,11402000000.0,8114000000.0,20360000000.0,,80669000000.0,1077000000.0,,34.8899,26.4122,12.2710180149211,27.989122816901,-28.2734825552439,-197.385489670553,7.97322533994459,147266149335.0,15.4456,40.2047,59.7953,126.2161,110.2317,-9.7736,0.7177,9527000000.0,32209343.0,-0.0541296303369364,1162,True,Consumer
pkg,Packaging Corp of America,USD,"NEW YORK STOCK EXCHANGE, INC.",Packaging,A,High,BB,Medium,BB,Medium,500,303,300,1103,BBB,High,8478000000.0,6387400000.0,608600000.0,2090600000.0,,8478000000.0,824200000.0,28.3134,16.8179,16.6071,9.28467594407422,18.4179137350942,5.17214353696381,-63.4977153143622,2.23717475399858,12730025000.0,12.8664,20.1882,79.8118,40.4053,54.183,2.1826,2.865,1029800000.0,34768834.0,0.0294511227397831,1103,True,Industrials
psx,Phillips 66,USD,"NEW YORK STOCK EXCHANGE, INC.",Energy,A,High,BB,Medium,BB,Medium,569,363,310,1242,A,High,172965000000.0,7740000000.0,152630000000.0,165225000000.0,,175702000000.0,2194000000.0,45.3103,27.4577,23.5927,11.1798008730166,6.68912440930878,2.50020029457585,24.6955483885532,0.426334272761657,31755920417.86,14.9015,37.5307,62.4693,36.822,55.3832,2.2413,1.3797,11391000000.0,68567183.0,0.120260082011088,1242,True,Energy_Materials
pru,Prudential Financial Inc,USD,"NEW YORK STOCK EXCHANGE, INC.",Insurance,B,Medium,BB,Medium,B,Medium,285,300,288,873,BB,Medium,,,15825000000.0,,12493000000.0,60050000000.0,,-3.6812,,,,-23.0556050069541,2.04024369230769,7.5954089347079,0.552105911740217,40729233225.12,-0.2119,,,97.6414,97.5058,40.0928,,-1462000000.0,60597063.0,0.0388860356978756,873,True,Financials
pnr,Pentair PLC,USD,"NEW YORK STOCK EXCHANGE, INC.",Machinery,BBB,High,BB,Medium,BB,Medium,433,330,315,1078,BBB,High,4121800000.0,2757200000.0,769300000.0,1364600000.0,,4121800000.0,85200000.0,18.7485,11.5304,9.5694,17.8687391736476,29.1679023010605,5.17958872145785,974.086403929167,3.40308705336989,12057253000.0,7.4587,28.4297,71.5703,46.1118,57.9977,2.3808,1.466,480900000.0,20769802.0,0.0345199674189861,1078,True,Industrials
pnw,Pinnacle West Capital Corp,USD,"NEW YORK STOCK EXCHANGE, INC.",Utilities,AA,Excellent,BBB,High,BB,Medium,629,479,300,1408,A,High,4324385000.0,,3592474000.0,,,4324385000.0,1707490000.0,8.0905,3.5244,3.4101,8.74843996312383,24.6409966013375,1.97009930293502,-2319.72654047109,2.75563698384857,7971511282.8,2.204,10.6387,89.3613,57.3478,72.8919,3.6889,0.9934,500826000.0,21049847.0,-0.0827728251560521,1408,True,Real_Assets
ppl,PPL Corp,USD,"NEW YORK STOCK EXCHANGE, INC.",Utilities,A,High,BB,Medium,BB,Medium,525,306,300,1131,BBB,High,7902000000.0,,6528000000.0,,,7902000000.0,2155000000.0,5.4707,2.8488,2.6827,11.1732600941915,37.3069536662434,2.02688156461948,-8.77264602540591,3.56923019130347,22097466720.0,1.998,15.841,84.159,50.5561,63.2159,2.7186,0.7453,756000000.0,20861748.0,0.0006712318837743,1131,True,Real_Assets
pwr,Quanta Services Inc,USD,"NEW YORK STOCK EXCHANGE, INC.",Construction,A,High,BB,Medium,BB,Medium,540,382,310,1232,A,High,17073903000.0,14544748000.0,1690684000.0,2529155000.0,,17073903000.0,428782000.0,9.3598,5.4639,5.3898,15.75521544069,166.205563833718,15.1646495070683,405.501222855951,4.78146939770713,16354406872.44,3.8,42.2316,57.7684,40.928,59.9028,2.4939,1.6253,511643000.0,32309115.0,0.159908823602531,1232,True,Industrials
rjf,Raymond James Financial Inc,USD,"NEW YORK STOCK EXCHANGE, INC.",Financial Services,A,High,BB,Medium,BB,Medium,505,309,305,1119,BBB,High,,,,,,11003000000.0,91000000.0,17.048,,,,18.8340142713055,3.04353475427286,-15.877389684581,2.60667041506008,20829549452.8,1.8641,,,88.3201,88.3485,8.5826,,1509000000.0,26499433.0,0.127027594289291,1119,True,Financials
rf,Regions Financial Corp,USD,"NEW YORK STOCK EXCHANGE, INC.",Banking,BBB,High,BB,Medium,BB,Medium,490,304,305,1099,BBB,High,,,,,,,288000000.0,13.1007,,,,9.81205153114031,1.54171722336296,-1.21139769508414,3.19525031729185,20533592765.0,1.4463,,,89.7259,89.7236,9.7311,,2245000000.0,32142274.0,0.114514262928159,1099,True,Financials
rcl,Royal Caribbean Cruises Ltd,USD,"NEW YORK STOCK EXCHANGE, INC.",Hotels Restaurants and Leisure,A,High,BB,Medium,BB,Medium,503,327,310,1140,BBB,High,8840540000.0,,9604516000.0,,,8840540000.0,2710063000.0,-54.2083,-8.2232,-8.2101,-15.1982601746011,-34.3812901257072,25.8381361420686,-96.6720638292045,8.38464109907313,19595677917.1,-6.383,27.7391,72.2609,89.0754,91.5065,11.7736,0.3738,-2155962000.0,26204864.0,-0.179711146005625,1140,True,Consumer
rl,Ralph Lauren Corp,USD,"NEW YORK STOCK EXCHANGE, INC.",Textiles Apparel and Luxury Goods,BBB,High,BB,Medium,BB,Medium,420,352,303,1075,BBB,High,6218500000.0,2071000000.0,3305600000.0,4147500000.0,,6218500000.0,166900000.0,23.3484,13.1009,13.2364,38.2199054820416,33.6566719435427,7.96426215824921,-28.2086156889944,3.24794867465144,8462832000.0,7.7686,43.4733,56.5267,44.0633,67.1702,3.046,1.8696,600100000.0,71613887.0,0.148924319980569,1075,True,Consumer
pvh,PVH Corp,USD,"NEW YORK STOCK EXCHANGE, INC.",Textiles Apparel and Luxury Goods,BBB,High,BB,Medium,BB,Medium,418,319,315,1052,BBB,High,9154700000.0,3830600000.0,4453900000.0,5324100000.0,,9154700000.0,267900000.0,19.0097,11.9507,12.4451,-11.8383359334361,3.19604027008296,0.57547820851611,-7.4433581540719,0.33246192111156,7463114772.75,7.6794,39.2164,60.7836,30.8834,57.3374,2.344,1.3107,952000000.0,37788412.0,0.216657672248978,1052,True,Consumer
rhi,Robert Half International Inc,USD,"NEW YORK STOCK EXCHANGE, INC.",Professional Services,B,Medium,BB,Medium,BB,Medium,255,334,310,899,BB,Medium,7238142000.0,4144093000.0,2118963000.0,3094049000.0,,,61120000.0,44.6106,44.6106,41.9442,13.2129665911578,3.85715084020981,1.61785080541491,64.0427211013249,0.350600032942156,12343701493.28,22.1933,87.1249,12.8751,0.0,47.0884,1.8899,1.8789,657919000.0,18528150.0,0.0381157496534529,899,True,Industrials
rol,Rollins Inc,USD,"NEW YORK STOCK EXCHANGE, INC.",Commercial Services and Supplies,A,High,BB,Medium,BB,Medium,500,300,305,1105,BBB,High,2695823000.0,1308399000.0,894036000.0,1387424000.0,,,30628000.0,31.3802,28.8064,27.8799,29.4856861190982,68.927154417158,20.0493531716142,-2552.13261587243,9.42438735444056,16828278286.27,17.3701,57.7639,42.2361,4.1523,40.2837,1.6746,0.706,368599000.0,22007903.0,0.12724873504685,1105,True,Industrials
rmd,Resmed Inc,USD,"NEW YORK STOCK EXCHANGE, INC.",Health Care,BB,Medium,BB,Medium,BB,Medium,330,312,300,942,BBB,High,3578127000.0,1553816000.0,1024025000.0,2024311000.0,,3578127000.0,156036000.0,24.9562,20.3057,18.8452,35.1425364432516,41.5857140763141,9.64470269368364,-1502.84886046458,9.05877410793412,38085346041.6,15.2955,39.7267,60.2733,18.7438,34.0493,1.5163,2.8021,779437000.0,27011816.0,0.0336907747961472,942,True,Healthcare
schw,Charles Schwab Corp,USD,"NEW YORK STOCK EXCHANGE, INC.",Financial Services,A,High,BB,Medium,BB,Medium,515,300,300,1115,BBB,High,,,,,,20762000000.0,971000000.0,15.4691,,,,23.0448724557636,6.15312314511003,-4.78165459731209,7.97280217945044,152552009694.6,1.3018,,,93.3654,93.3654,15.0724,,7183000000.0,64145541.0,0.268654850493384,1115,True,Financials
rok,Rockwell Automation Inc,USD,"NEW YORK STOCK EXCHANGE, INC.",Electrical Equipment,BB,Medium,B,Medium,B,Medium,308,243,210,761,BB,Medium,7760400000.0,4658400000.0,1766700000.0,3102000000.0,,7760400000.0,141100000.0,36.4482,14.424,14.1623,24.2383183291321,42.7663944610169,14.6268098461109,-232.459667151953,5.13721366380083,40535017857.4,8.5429,46.1405,53.8595,58.4626,71.9604,3.5664,1.0108,919100000.0,28242774.0,0.0942688229647747,761,True,Industrials
tdg,TransDigm Group Inc,USD,"NEW YORK STOCK EXCHANGE, INC.",Aerospace and Defense,A,High,BB,Medium,BB,Medium,500,300,300,1100,BBB,High,5429000000.0,2330000000.0,884000000.0,3099000000.0,,5429000000.0,119000000.0,,5.232,4.8683,49.9650503256746,75.120272704642,-17.2420238966923,-36.4244995309183,11.9827143419083,35153770728.28,4.7882,6.5195,93.4805,123.5489,120.7986,-4.808,3.9614,867000000.0,48606049.0,0.000976560735031,1100,True,Industrials
see,Sealed Air Corp,USD,"NEW YORK STOCK EXCHANGE, INC.",Packaging,A,High,BB,Medium,B,Medium,555,318,257,1130,BBB,High,5641900000.0,3869000000.0,822300000.0,1772900000.0,,5641900000.0,237300000.0,165.857,12.3217,12.221,14.8483825867383,12.5909137835639,17.9880651438535,-59.0056550619638,1.0970937478509,9992250122.79,7.9103,35.4615,64.5385,91.4458,94.4631,18.0607,1.0168,491600000.0,23294251.0,0.0849882542102667,1130,True,Industrials
rop,Roper Technologies Inc,USD,"NEW YORK STOCK EXCHANGE, INC.",Technology,A,High,BB,Medium,BB,Medium,570,350,340,1260,A,High,5371800000.0,1619000000.0,2228300000.0,3752800000.0,,5371800000.0,70300000.0,32.9307,21.5465,20.0211,31.2039143125195,7.95096765266134,2.25309972010188,81.8825349899162,6.72675131074314,51891230000.0,16.8442,26.4324,73.5676,29.3473,40.5585,1.6823,0.6681,4544700000.0,43809947.0,0.0782112362554187,1260,True,Tech
swk,Stanley Black & Decker Inc,USD,"NEW YORK STOCK EXCHANGE, INC.",Machinery,A,High,BB,Medium,BB,Medium,555,315,300,1170,BBB,High,16947400000.0,12663300000.0,3370000000.0,4284100000.0,,16947400000.0,530400000.0,9.9866,6.0172,6.1617,14.3246997036328,10.3235659763843,1.13066969338042,99.7382118899183,0.647956449312579,30751324258.82,4.2619,43.0793,56.9207,43.4327,61.0861,2.5698,1.214,1063900000.0,33590515.0,0.0698485017670721,1170,True,Industrials
stz,Constellation Brands Inc,USD,"NEW YORK STOCK EXCHANGE, INC.",Beverages,BBB,High,BB,Medium,B,Medium,459,313,295,1067,BBB,High,8820700000.0,4113400000.0,1711400000.0,4707300000.0,,8820700000.0,1026800000.0,-0.319,-0.1749,-0.1824,20.0245237289071,-645.611924183663,2.22323082680725,-99.8572807696018,2.95699000499053,47046339506.54,0.0039,19.5452,80.4548,47.0305,53.4039,2.1461,1.2338,1000000.0,42083668.0,0.0736451392068187,1067,True,Consumer
syk,Stryker Corp,USD,"NEW YORK STOCK EXCHANGE, INC.",Health Care,BBB,High,BB,Medium,BB,Medium,485,321,325,1131,BBB,High,18449000000.0,6871000000.0,8752000000.0,11578000000.0,,18449000000.0,588000000.0,14.9748,8.2708,7.949,33.94651482727,54.0335883325021,7.66798274482667,-115.828364807309,6.9061304833888,100951050000.0,6.393,31.0983,68.9017,43.986,54.9507,2.2198,1.6302,2358000000.0,27411191.0,0.0328512367859269,1131,True,Healthcare
syy,Sysco Corp,USD,"NEW YORK STOCK EXCHANGE, INC.",Retail,A,High,BB,Medium,BB,Medium,555,301,305,1161,BBB,High,68636146000.0,56315622000.0,9981489000.0,12320524000.0,,68636146000.0,632802000.0,92.5857,11.0213,11.295,33.7315507943719,29.1284669887427,28.6334183390679,-18.7958292888147,0.576647016768103,40269155742.65,6.1523,42.3291,57.6709,88.5097,93.5967,15.617,1.1981,1358768000.0,40835350.0,0.0494611434141446,1161,True,Consumer
shw,Sherwin-Williams Co,USD,"NEW YORK STOCK EXCHANGE, INC.",Chemicals,B,Medium,B,Medium,B,Medium,295,259,220,774,BB,Medium,22148900000.0,12823800000.0,6331600000.0,9325100000.0,,22148900000.0,644500000.0,72.937,15.706,14.7757,31.8654829923355,39.1290719783179,25.4810090917121,2388.05553786707,3.56878392621755,91948976000.0,8.9409,30.5804,69.4196,77.3102,86.2702,7.2835,0.9911,2020100000.0,22912761.0,0.0592638132168529,774,True,Energy_Materials
spgi,S&P Global Inc,USD,"NEW YORK STOCK EXCHANGE, INC.",Financial Services,BBB,High,BB,Medium,BB,Medium,435,341,310,1086,BBB,High,11181000000.0,3766000000.0,4396000000.0,7415000000.0,,11181000000.0,89000000.0,16.9079,12.1443,6.8604,25.7828489175495,37.943368226601,3.3868324722436,-23.6182560367957,11.0222752884357,113735130000.0,5.7005,27.2187,72.7813,23.1413,35.6727,1.5545,0.9447,3522000000.0,45339502.0,-0.0267829794849493,1086,True,Financials
ste,STERIS plc,USD,"NEW YORK STOCK EXCHANGE, INC.",Health Care,A,High,BB,Medium,BB,Medium,510,301,305,1116,BBB,High,4585064000.0,2568702000.0,1590696000.0,2016362000.0,,4585064000.0,287563000.0,4.6841,3.2192,2.535,35.7317963145107,89.848220641237,3.35451754860727,171.477222888903,4.77919235931058,24368018510.0,2.126,18.902,81.098,32.1011,42.7095,1.7455,2.0375,242870000.0,19267989.0,0.022061180192533,1116,True,Healthcare
syf,Synchrony Financial,USD,"NEW YORK STOCK EXCHANGE, INC.",Financial Services,BB,Medium,BB,Medium,BB,Medium,325,312,310,947,BBB,High,,,,,,,,22.7382,,,,7.6987504765252,1.91279606534311,14.4399449236318,1.67202645907683,24439653209.95,2.8844,,,87.6889,87.6889,8.1227,,3016000000.0,42909335.0,0.118858535546977,947,True,Financials
spg,Simon Property Group Inc,USD,"NEW YORK STOCK EXCHANGE, INC.",Real Estate,B,Medium,B,Medium,B,Medium,225,247,205,677,B,Medium,,1293339000.0,1414555000.0,,34971000.0,5291447000.0,650024000.0,58.9407,,,,27.611843327265,17.8515110056181,673.681809209506,11.1645274370508,54787626690.16,7.4289,,,89.702,88.4164,8.6329,,2452385000.0,61144478.0,0.0326292015488826,677,True,Real_Assets
sre,Sempra Energy,USD,"NEW YORK STOCK EXCHANGE, INC.",Utilities,AA,Excellent,BB,Medium,BB,Medium,700,386,310,1396,A,High,14439000000.0,4482000000.0,7400000000.0,9957000000.0,,14439000000.0,5357000000.0,8.0571,4.0109,3.737,14.7742542894853,29.1794140886396,2.37988129091741,-524.493838114286,4.32265161961355,41932760000.0,2.9081,20.0718,79.9282,51.6097,62.7663,2.6857,0.5972,2285000000.0,38468326.0,-0.134993447135107,1396,True,Real_Assets
so,Southern Co,USD,"NEW YORK STOCK EXCHANGE, INC.",Utilities,A,High,BB,Medium,BB,Medium,515,307,330,1152,BBB,High,29279000000.0,,23532000000.0,,,29279000000.0,7923000000.0,12.1307,4.1699,4.0065,18.850633684532,30.2156483697935,3.51263868019008,513.52075474625,3.64808623884764,72694800000.0,2.5413,15.6678,84.3322,65.429,74.4001,3.9063,0.6624,3428000000.0,45672265.0,-0.078939261150577,1152,True,Real_Assets
stt,State Street Corp,USD,"NEW YORK STOCK EXCHANGE, INC.",Financial Services,B,Medium,B,Medium,B,Medium,225,211,210,646,B,Medium,,,,,,12148000000.0,734000000.0,10.5568,,,,12.6261669049243,1.50872224829894,103.318545705782,2.88794417828661,34036402260.0,0.9202,,,91.6434,91.6434,11.9666,,2774000000.0,52775081.0,0.02531442525058,646,True,Financials
sna,Snap-On Inc,USD,"NEW YORK STOCK EXCHANGE, INC.",Machinery,A,High,BB,Medium,B,Medium,500,300,261,1061,BBB,High,4492800000.0,2311700000.0,1239900000.0,2181100000.0,,4492800000.0,84200000.0,21.0476,16.363,15.9193,9.70180527947275,20.6699113370626,4.20519897485105,-826.524480964912,4.19443513310185,11571386128.72,13.3935,39.3472,60.6528,21.7514,35.4133,1.5483,3.4674,933900000.0,23046485.0,0.0850339493325484,1061,True,Industrials
rtx,Raytheon Technologies Corp,USD,"NEW YORK STOCK EXCHANGE, INC.",Aerospace and Defense,A,High,BB,Medium,BBB,High,520,330,400,1250,A,High,67074000000.0,53406000000.0,8420000000.0,13668000000.0,,67074000000.0,2775000000.0,7.1338,4.9709,4.971,14.0872966512488,49.9463398743506,3.57378467241712,-158.953538473362,3.86992170329785,128511676800.0,3.3412,46.2067,53.7933,30.5263,53.2846,2.1406,1.0851,5308000000.0,43294046.0,-0.0119862401704887,1250,True,Industrials
hig,Hartford Financial Services Group Inc,USD,"NEW YORK STOCK EXCHANGE, INC.",Insurance,A,High,BB,Medium,BB,Medium,500,305,305,1110,BBB,High,,,6736000000.0,,,22362000000.0,175000000.0,11.5333,,,,20.5020329177961,2.79846504819132,5315.8842494,1.66403674741973,23123289935.36,2.4856,,,81.333,81.333,5.3571,,1815000000.0,40662780.0,0.0800434918462117,1110,True,Financials
tel,TE Connectivity Ltd,USD,"NEW YORK STOCK EXCHANGE, INC.",Electrical Equipment,B,Medium,B,Medium,B,Medium,200,200,200,600,B,Medium,16281000000.0,11037000000.0,2302000000.0,5244000000.0,,16281000000.0,768000000.0,22.6535,16.3315,16.178,17.425033405951,24.5575964883031,5.51988930509165,-518.48560237913,3.66229619025858,52627156431.36,11.6832,46.8589,53.1411,28.0251,47.5652,1.9071,1.5691,2428000000.0,24974742.0,0.145833646660884,600,True,Industrials
tfx,Teleflex Inc,USD,"NEW YORK STOCK EXCHANGE, INC.",Health Care,B,Medium,B,Medium,B,Medium,200,200,200,600,B,Medium,2791041000.0,1259954000.0,1017567000.0,1531087000.0,,2791041000.0,79190000.0,9.3391,6.4055,6.3336,19.7923387680229,13.4486246186171,1.21426130078111,-31.9093113059784,1.74978443361455,15392572800.0,5.2416,20.0094,79.9906,29.8513,41.9467,1.7226,2.4265,363139000.0,18743773.0,-0.126635759912681,600,True,Healthcare
tfc,Truist Financial Corp,USD,"NEW YORK STOCK EXCHANGE, INC.",Banking,BBB,High,BB,Medium,BB,Medium,480,308,300,1088,BBB,High,,,,,,,564000000.0,9.6467,,,,8.9736580575623,1.04335171041288,49.8890758795204,2.52381613084464,77743743900.0,1.1287,,,89.1011,89.0974,9.1722,,6267000000.0,49614141.0,0.177516082632185,1088,True,Financials
tdy,Teledyne Technologies Inc,USD,"NEW YORK STOCK EXCHANGE, INC.",Electrical Equipment,A,High,BB,Medium,BB,Medium,500,300,300,1100,BBB,High,5458600000.0,3128300000.0,1358300000.0,2330300000.0,,5458600000.0,92600000.0,9.9878,6.6238,6.5229,41.4287077020652,35.88546300421,3.46414289344367,173.190184364259,5.18434692505771,20383179842.64,5.496,24.6461,75.3539,32.429,43.0619,1.7563,1.8497,788900000.0,19210074.0,0.125590463939212,1100,True,Industrials
tgt,Target Corp,USD,"NEW YORK STOCK EXCHANGE, INC.",Retail,A,High,BB,Medium,BB,Medium,550,342,313,1205,A,High,106005000000.0,74963000000.0,22096000000.0,31042000000.0,,106005000000.0,3544000000.0,50.948,25.8856,26.1649,14.6802938092292,7.62800229095883,4.13066998620098,-20.378501505,0.499826460195274,110888439581.92,12.9081,53.0622,46.9378,51.6819,76.1629,4.1951,0.992,6946000000.0,46815591.0,0.0427801404661154,1205,True,Consumer
tjx,TJX Companies Inc,USD,"NEW YORK STOCK EXCHANGE, INC.",Retail,A,High,BB,Medium,BB,Medium,500,300,300,1100,BBB,High,48549982000.0,34713812000.0,9081238000.0,13836170000.0,,48549982000.0,1044794000.0,55.4732,30.8635,35.0809,76.3753809297176,53.3006886343428,29.1481814667003,-41.2407122550176,3.60404459386102,90563327672.48,11.5342,46.6111,53.3889,35.8506,78.9083,4.7412,1.2666,3282815000.0,84483284.0,-0.0169026194589156,1100,True,Consumer
tpr,Tapestry Inc,USD,"NEW YORK STOCK EXCHANGE, INC.",Textiles Apparel and Luxury Goods,BBB,High,BB,Medium,BB,Medium,483,310,300,1093,BBB,High,6684500000.0,2034100000.0,3474600000.0,4650400000.0,,6684500000.0,93900000.0,30.8866,19.4043,21.5373,10.3132543675627,33.4350879066098,12.5270031828615,-23.5080595898103,4.28311254011968,11170791874.2,11.7862,29.4952,70.5048,42.5162,68.5422,3.1789,1.7523,856300000.0,29793028.0,0.114606616782343,1093,True,Consumer
trv,Travelers Companies Inc,USD,"NEW YORK STOCK EXCHANGE, INC.",Insurance,A,High,BB,Medium,BB,Medium,500,300,300,1100,BBB,High,,,10325000000.0,,4810000000.0,36884000000.0,,11.2673,,,,22.1510698132512,2.91991374811039,1656.66685287526,1.70679265831417,37730916000.0,2.456,,,81.3683,81.3683,5.3672,,2842000000.0,50357249.0,0.105508576718123,1100,True,Financials
tmo,Thermo Fisher Scientific Inc,USD,"NEW YORK STOCK EXCHANGE, INC.",Life Sciences Tools and Services,A,High,BB,Medium,B,Medium,527,332,280,1139,BBB,High,44915000000.0,25944000000.0,10464000000.0,18971000000.0,,44915000000.0,2243000000.0,16.3971,9.0184,8.8573,22.8873143645328,26.1295068603453,4.12933904860157,44.8838538505685,4.04319431547145,263182561853.96,7.1639,32.0907,67.9093,43.9528,54.5587,2.2006,1.4832,6960000000.0,55852026.0,0.0697508062347769,1139,True,Healthcare
tt,Trane Technologies PLC,USD,"NEW YORK STOCK EXCHANGE, INC.",Building,AA,Excellent,BB,Medium,BB,Medium,700,389,320,1409,A,High,15991700000.0,11026900000.0,2545900000.0,4964800000.0,,15991700000.0,291800000.0,28.458,15.9516,16.078,21.3892198081688,51.3013711828352,14.7999307694133,-95.9953749682007,5.6348517345029,47516412110.99,9.815,47.4834,52.5166,44.2686,66.2353,2.9617,1.1218,1774700000.0,28891353.0,0.0635160345157091,1409,True,Industrials
tsn,Tyson Foods Inc,USD,"NEW YORK STOCK EXCHANGE, INC.",Food Products,A,High,BB,Medium,BB,Medium,530,374,340,1244,A,High,53282000000.0,46614000000.0,2258000000.0,6668000000.0,,53282000000.0,1887000000.0,17.3039,11.7545,11.5548,6.8079873584,6.86376775787523,1.12805197441884,-13.8386550435866,0.41711797605195,31794328258.92,8.8238,31.2346,68.7654,29.6935,46.1965,1.8586,1.8125,3249000000.0,42135331.0,0.0401382205065741,1244,True,Consumer
tyl,Tyler Technologies Inc,USD,"NEW YORK STOCK EXCHANGE, INC.",Technology,BBB,High,BB,Medium,BB,Medium,400,306,305,1011,BBB,High,1850204000.0,1066341000.0,569614000.0,783863000.0,267324000.0,1850204000.0,50151000.0,6.6381,4.5139,4.5473,79.4939774801854,89.2657690806137,5.58644694586054,-108.348063864789,7.92399644244635,22225581235.55,3.5038,43.1257,56.8743,27.338,44.012,1.7861,0.9523,164240000.0,15335458.0,0.188803416477389,1011,True,Tech
txt,Textron Inc,USD,"NEW YORK STOCK EXCHANGE, INC.",Aerospace and Defense,A,High,BB,Medium,B,Medium,500,300,200,1000,BBB,High,12869000000.0,10800000000.0,1186000000.0,2069000000.0,,12869000000.0,354000000.0,12.3636,8.1028,8.0694,14.7322460430721,17.9740423008014,2.17568542401097,-188.727444158415,1.20255267860673,17016826752.4,5.2845,39.9782,60.0218,33.3365,56.3432,2.2906,2.0362,861000000.0,29634286.0,0.121550725328397,1000,True,Industrials
unh,UnitedHealth Group Inc,USD,"NEW YORK STOCK EXCHANGE, INC.",Health Care,A,High,BB,Medium,BB,Medium,500,300,300,1100,BBB,High,324162000000.0,292327000000.0,3400000000.0,31835000000.0,,324162000000.0,2802000000.0,26.9106,15.8952,14.8602,18.4092542385402,12.0925700121248,3.12840750712274,122.262567157764,0.750558389459437,472513740000.0,8.3999,55.9978,44.0022,42.5592,64.8575,2.8456,0.774,20639000000.0,67058967.0,0.001651934661346,1100,True,Healthcare
ups,United Parcel Service Inc,USD,"NEW YORK STOCK EXCHANGE, INC.",Logistics and Transportation,A,High,BB,Medium,B,Medium,540,374,245,1159,BBB,High,100338000000.0,,87244000000.0,,,100338000000.0,4769000000.0,67.8516,30.5438,29.274,10.1478309801514,7.17021734997402,4.18486151609724,-17.7953298855577,0.825227430858697,186475800000.0,16.2364,35.3462,64.6538,49.8428,72.1571,3.5916,1.2248,11548000000.0,42091997.0,0.217955992125247,1159,True,Transport
udr,UDR Inc,USD,"NEW YORK STOCK EXCHANGE, INC.",Real Estate,B,Medium,BB,Medium,B,Medium,225,301,215,741,B,Medium,,521124000.0,761209000.0,,64144000.0,1517386000.0,775184000.0,2.3054,,,,128.78430407655,2.76169475722036,6303.17953127815,7.37745494392989,19085796603.65,0.8387,,,59.8164,55.2642,2.2353,,92579000.0,23871810.0,-0.0055593949898321,741,True,Real_Assets
uhs,Universal Health Services Inc,USD,"NEW YORK STOCK EXCHANGE, INC.",Health Care,A,High,BB,Medium,BB,Medium,560,320,338,1218,A,High,13399370000.0,,12395815000.0,,,13399370000.0,754310000.0,11.2505,6.4318,6.2903,7.42401770258951,16.7353102128598,1.90969843802518,516.209021485641,0.843810283438699,9995627358.24,4.8686,25.4437,74.5563,44.8148,55.7584,2.2603,1.3254,656982000.0,29048470.0,-0.0076968562121795,1218,True,Healthcare
mos,Mosaic Co,USD,"NEW YORK STOCK EXCHANGE, INC.",Chemicals,A,High,BB,Medium,BB,Medium,515,379,315,1209,A,High,19125200000.0,13369400000.0,970500000.0,5755800000.0,,19125200000.0,1247300000.0,31.6241,23.4458,22.8543,5.48730459652523,2.21548270905437,0.658473234284008,-246.510293478261,0.415035212703658,14487489355.99,15.4545,49.4451,50.5549,23.105,47.8568,1.9178,1.1848,3614200000.0,29191531.0,0.267084866262552,1209,True,Energy_Materials
usb,US Bancorp,USD,"NEW YORK STOCK EXCHANGE, INC.",Banking,BB,Medium,BB,Medium,BB,Medium,336,317,300,953,BBB,High,,,,,,,,11.0234,,,,13.747757898685,1.82175462395559,3.25042374314405,3.60610121852749,83328316945.07,0.8651,,,92.4717,92.4079,13.1716,,5838000000.0,26394331.0,0.141255434174219,953,True,Financials
uri,United Rentals Inc,USD,"NEW YORK STOCK EXCHANGE, INC.",Trading Companies and Distributors,BBB,High,BB,Medium,BB,Medium,472,318,300,1090,BBB,High,11642000000.0,6646000000.0,1764000000.0,4996000000.0,,11642000000.0,3690000000.0,32.2531,12.3431,11.4204,8.81015873923477,22.1736250447981,6.60938554507222,-1228.30212419211,4.00923215249098,24064629876.14,8.7045,14.2807,85.7193,61.6862,70.7977,3.4244,1.1137,2105000000.0,32662248.0,0.0933174668540793,1090,True,Industrials
vno,Vornado Realty Trust,USD,"NEW YORK STOCK EXCHANGE, INC.",Real Estate,A,High,BB,Medium,BB,Medium,540,326,325,1191,BBB,High,,873911000.0,669955000.0,,133731000.0,1799995000.0,900795000.0,-5.7386,,,,-14.1253095705615,1.05091753147392,-5.3832357460454,2.71912179805499,8025550230.88,-2.3198,,,63.0864,60.5107,2.5323,,-382612000.0,27130038.0,-0.119554992395279,1191,True,Real_Assets
vlo,Valero Energy Corp,USD,"NEW YORK STOCK EXCHANGE, INC.",Energy,AA,Excellent,BB,Medium,BB,Medium,608,307,330,1245,A,High,176383000000.0,159587000000.0,1045000000.0,16796000000.0,934000000.0,176383000000.0,2711000000.0,54.907,34.1591,32.6315,10.5039727381408,6.43653432682512,3.14928770933492,100.270767188703,0.420677546700306,30734684370.18,19.4795,49.1665,50.8335,33.0577,58.2369,2.3945,1.3821,11879000000.0,47070556.0,0.201048375221579,1245,True,Energy_Materials
vfc,VF Corp,USD,"NEW YORK STOCK EXCHANGE, INC.",Textiles Apparel and Luxury Goods,A,High,BB,Medium,BB,Medium,505,301,300,1106,BBB,High,11841840000.0,5386393000.0,4823243000.0,6455447000.0,,11841840000.0,328320000.0,42.1145,15.6464,15.4946,38.8395335762916,4.66319984757102,1.83199226700714,15.1865046945245,0.546163692448978,28759518102.28,10.3951,33.7897,66.2103,60.5597,73.5399,3.7793,1.3839,1386941000.0,44876844.0,0.148944833254696,1106,True,Consumer
v,Visa Inc,USD,"NEW YORK STOCK EXCHANGE, INC.",Technology,A,High,BB,Medium,BB,Medium,504,368,310,1182,BBB,High,29310000000.0,,9629000000.0,,1194000000.0,29310000000.0,970000000.0,40.8829,25.6559,25.7742,24.8832845200688,37.0789359540436,16.675877110522,959.497655821159,18.9215163788683,415216360000.0,17.4934,41.7728,58.2272,38.6862,58.3853,2.403,1.4485,14957000000.0,89853854.0,0.051937473487564,1182,True,Tech
vtr,Ventas Inc,USD,"NEW YORK STOCK EXCHANGE, INC.",Real Estate,A,High,BB,Medium,BB,Medium,500,300,300,1100,BBB,High,,2282918000.0,1342672000.0,,,4129193000.0,900697000.0,-0.4403,,,,-827.462756672498,3.76867585429222,-1518.66878445923,9.5164400587363,20418350400.0,-0.1694,,,56.7539,56.5924,2.3037,,-40931000.0,34307506.0,-0.134007906331003,1100,True,Real_Assets
vmc,Vulcan Materials Co,USD,"NEW YORK STOCK EXCHANGE, INC.",Construction,A,High,BB,Medium,BB,Medium,570,319,300,1189,BBB,High,7315200000.0,5757500000.0,617000000.0,1557700000.0,,7315200000.0,612600000.0,8.5441,5.3973,5.2787,21.0822007409902,60.4124537552814,5.01882175064804,-434.66760476925,4.75358272932251,27545866000.0,4.05,13.1358,86.8642,36.4599,51.1598,2.0475,1.9883,576500000.0,27332048.0,0.203564074704883,1189,True,Industrials
wec,WEC Energy Group Inc,USD,"NEW YORK STOCK EXCHANGE, INC.",Utilities,AA,Excellent,BBB,High,BB,Medium,635,438,300,1373,A,High,9597400000.0,4358900000.0,3314300000.0,5238500000.0,,9597400000.0,2334100000.0,12.6451,5.1085,4.9112,17.5962574031985,26.3372495431917,3.26249556392515,391.943883645407,3.86741052589451,30619229924.17,3.3667,15.2402,84.7598,60.3197,72.2569,3.6045,0.6913,1409700000.0,36213899.0,-0.0908405002664851,1373,True,Real_Assets
well,Welltower OP LLC,USD,"NEW YORK STOCK EXCHANGE, INC.",Real Estate,BBB,High,BB,Medium,BB,Medium,437,326,300,1063,BBB,High,,3558770000.0,1572748000.0,,150390000.0,5860615000.0,1107753000.0,0.7446,,,,966.133330908408,6.72248349705989,363.297230874454,23.8932575985229,38359729942.29,0.4237,,,44.8421,43.5414,1.7712,,160568000.0,33770315.0,-0.13525185060248,1063,True,Real_Assets
wat,Waters Corp,USD,"NEW YORK STOCK EXCHANGE, INC.",Life Sciences Tools and Services,B,Medium,B,Medium,B,Medium,270,292,235,797,BB,Medium,2971956000.0,1248182000.0,840582000.0,1723774000.0,,2971956000.0,183456000.0,162.3213,35.7381,34.0371,24.4347961549161,41.6606005577636,58.4463819709487,-1424.07623027095,9.9212432309765,22627252800.0,21.5683,28.2948,71.7052,75.7384,84.6261,6.5045,2.2449,707755000.0,23236851.0,0.0814995497120456,797,True,Healthcare
wm,Waste Management Inc,USD,"NEW YORK STOCK EXCHANGE, INC.",Commercial Services and Supplies,AA,Excellent,BBB,High,B,Medium,613,408,285,1306,A,High,19698000000.0,12294000000.0,3976000000.0,7404000000.0,,19698000000.0,2587000000.0,32.0332,10.5661,10.2505,18.9471173855796,40.8219784424978,13.3391134113462,363.982421331912,4.63801338990304,69451066392.5,7.1413,17.9325,82.0675,68.6301,78.1171,4.5698,0.8081,2240000000.0,38214125.0,-0.0514652056639385,1306,True,Industrials
wab,Westinghouse Air Brake Technologies Corp,USD,"NEW YORK STOCK EXCHANGE, INC.",Machinery,AA,Excellent,BB,Medium,BB,Medium,607,311,320,1238,A,High,8362000000.0,5822000000.0,1529000000.0,2540000000.0,,8362000000.0,149000000.0,6.2355,4.4636,4.4881,17.5964668930391,66.143429435387,4.14460412122352,615.717512244118,5.00703071425496,17114038000.0,3.4619,41.4267,58.5733,28.3749,45.1987,1.8248,1.2481,641000000.0,22295144.0,0.252249109453695,1238,True,Industrials
wmb,Williams Companies Inc,USD,"NEW YORK STOCK EXCHANGE, INC.",Energy,A,High,BB,Medium,BB,Medium,500,300,300,1100,BBB,High,10965000000.0,3369000000.0,4550000000.0,7596000000.0,,10965000000.0,2283000000.0,17.8889,5.8975,5.9496,13.4601101101101,44.1985626279551,7.90941963534323,-59.2688840475655,8.25926628588053,31638600000.0,4.371,14.2201,85.7799,66.6027,71.0012,3.4484,0.7765,2117000000.0,35187695.0,0.121091401715419,1100,True,Energy_Materials
wfc,Wells Fargo & Co,USD,"NEW YORK STOCK EXCHANGE, INC.",Banking,A,High,BB,Medium,BB,Medium,500,300,300,1100,BBB,High,,,,,,,,7.174,,,,18.4969601237915,1.51972954763321,-3.24786445661982,3.37472046548588,186440755826.06,0.6848,,,90.4265,90.331,10.3424,,12882000000.0,78490463.0,0.198734069038364,1100,True,Financials
whr,Whirlpool Corp,USD,"NEW YORK STOCK EXCHANGE, INC.",Consumer products,A,High,BB,Medium,BB,Medium,500,301,300,1101,BBB,High,19724000000.0,16651000000.0,1855000000.0,3073000000.0,,19724000000.0,570000000.0,-42.3002,-15.1642,-15.2648,5.7632860184528,-1.995469020079,1.2975673979024,-2.79108420027624,0.153676609283107,13844940000.0,-8.8239,40.5733,59.4267,76.525,85.3656,6.8332,1.0781,-1511000000.0,28875752.0,0.181792685510335,1101,True,Consumer
wst,West Pharmaceutical Services Inc,USD,"NEW YORK STOCK EXCHANGE, INC.",Life Sciences Tools and Services,A,High,BB,Medium,BB,Medium,540,330,305,1175,BBB,High,2886900000.0,1750700000.0,402200000.0,1136200000.0,,2886900000.0,284600000.0,23.3412,21.3746,20.2467,38.2489059543684,30.5000381411845,6.65573106891132,135.686957835383,6.19002125010219,34800542000.0,16.1994,55.6927,44.3073,7.2189,25.7659,1.3471,3.6985,585900000.0,17642385.0,0.0274867410835577,1175,True,Healthcare
wrb,W R Berkley Corp,USD,"NEW YORK STOCK EXCHANGE, INC.",Insurance,BB,Medium,B,Medium,BB,Medium,360,294,300,954,BBB,High,,,3505624000.0,,,11166499000.0,52684000.0,20.6108,,,,17.6960000800543,3.62152799574176,-204.517881307146,2.18862449748663,14564952645.32,4.0901,,,80.0589,80.012,5.003,,1384954000.0,44377600.0,0.0207240325050633,954,True,Financials
wmt,Walmart Inc,USD,"NEW YORK STOCK EXCHANGE, INC.",Retail,BB,Medium,B,Medium,B,Medium,310,281,220,811,BB,Medium,572754000000.0,429000000000.0,117812000000.0,143754000000.0,,572754000000.0,13106000000.0,16.6563,10.687,10.8444,12.6292383983492,71.2402645777942,11.7000965439345,-329.745476497014,1.70067452618782,401352474088.02,5.693,57.122,42.878,33.9702,62.472,2.6647,0.9278,13940000000.0,74704265.0,0.0885943168071811,811,True,Consumer
wu,Western Union Co,USD,"NEW YORK STOCK EXCHANGE, INC.",Technology,B,Medium,B,Medium,B,Medium,205,205,228,638,B,Medium,4475500000.0,2626400000.0,964200000.0,1849100000.0,,4475500000.0,208200000.0,218.5265,28.1981,29.4255,7.11276108038791,3.08773296368329,5.88465809277941,-40.0525589277778,0.628240338896213,7025392000.0,10.7176,58.3164,41.6836,84.5602,94.3764,17.7821,1.0207,910600000.0,17969100.0,0.0471469041027466,638,True,Tech
yum,Yum! Brands Inc,USD,"NEW YORK STOCK EXCHANGE, INC.",Hotels Restaurants and Leisure,A,High,BB,Medium,BB,Medium,500,320,310,1130,BBB,High,6842000000.0,,4675000000.0,,1140000000.0,6842000000.0,279000000.0,,45.3146,44.5378,27.4116104461371,32.5749437722264,-4.8627535486931,-348.079036275806,6.30836020143233,40130540000.0,22.6651,11.3096,88.6904,398.3529,251.8303,-0.6586,0.9664,1325000000.0,29662123.0,0.0182404859344167,1130,True,Consumer
xyl,Xylem Inc,USD,"NEW YORK STOCK EXCHANGE, INC.",Machinery,BB,Medium,B,Medium,B,Medium,374,254,210,838,BB,Medium,5522000000.0,3438000000.0,1433000000.0,2084000000.0,,5522000000.0,208000000.0,10.5781,6.4358,6.6059,27.6770521212121,81.8393422069014,8.31510202731826,-71.7357197122222,5.26131229327236,21633568000.0,4.4643,35.7384,64.2616,34.9833,55.9482,2.2701,1.8943,355000000.0,22975801.0,0.0777369106361109,838,True,Industrials
wy,Weyerhaeuser Co,USD,"NEW YORK STOCK EXCHANGE, INC.",Real Estate,AA,Excellent,BB,Medium,BB,Medium,700,340,300,1340,A,High,10184000000.0,6564000000.0,497000000.0,3620000000.0,398000000.0,10184000000.0,710000000.0,17.4754,11.8732,11.8972,8.2169849256279,9.04664574468085,1.58225825658201,-40.6882631578947,1.67004065200314,30773855180.0,10.842,26.3996,73.6004,31.977,38.0104,1.6132,1.5782,1880000000.0,33636911.0,0.0753039988228784,1340,True,Real_Assets
xom,Exxon Mobil Corp,USD,"NEW YORK STOCK EXCHANGE, INC.",Energy,A,High,BB,Medium,BB,Medium,538,322,313,1173,BBB,High,410138000000.0,296633000000.0,38014000000.0,113505000000.0,,398675000000.0,18407000000.0,30.6579,24.6352,23.5944,6.0033836152852,12.3664814860027,3.53402313280145,30.1494851082443,1.68067254931216,259384410000.0,15.6007,41.4451,58.5549,17.4368,45.1392,1.8228,1.414,57577000000.0,106776112.0,0.123181450423603,1173,True,Energy_Materials
zbh,Zimmer Biomet Holdings Inc,USD,"NEW YORK STOCK EXCHANGE, INC.",Health Care,A,High,BB,Medium,BB,Medium,520,330,310,1160,BBB,High,6939900000.0,2019500000.0,3728300000.0,4920400000.0,,6939900000.0,446200000.0,1.8751,1.2359,1.3061,22.3014941445686,75.3775979109767,1.45107660845403,-169.672919811284,2.51334690076226,26551360000.0,1.1032,26.0892,73.9108,32.1531,42.908,1.7516,1.8774,232400000.0,34753930.0,0.0013854585440598,1160,True,Healthcare
zts,Zoetis Inc,USD,"NEW YORK STOCK EXCHANGE, INC.",Pharmaceuticals,A,High,BB,Medium,BB,Medium,520,348,310,1178,BBB,High,8080000000.0,2454000000.0,2698000000.0,5626000000.0,,8080000000.0,586000000.0,47.2508,18.0345,17.1744,37.6158069697844,23.2889095083586,11.1765617935687,512.841194798646,6.09316271047896,115322255182.7,14.1441,30.0988,69.9012,64.2132,70.4992,3.3897,2.3701,2111000000.0,29685805.0,-0.0084962006447955,1178,True,Healthcare
de,Deere & Co,USD,"NEW YORK STOCK EXCHANGE, INC.",Machinery,A,High,BB,Medium,BB,Medium,560,339,305,1204,A,High,47917000000.0,35338000000.0,7050000000.0,12579000000.0,,52577000000.0,3788000000.0,36.8594,10.2601,9.8821,19.7831591485726,22.0142548346066,7.74768785043826,-49.3039105607977,3.2761577566538,105406882924.98,7.9196,47.5435,52.4565,71.9211,77.3886,4.4226,1.7752,7130000000.0,49087898.0,0.165691205949519,1204,True,Industrials
dd,Dupont De Nemours Inc,USD,"NEW YORK STOCK EXCHANGE, INC.",Chemicals,A,High,BB,Medium,B,Medium,550,341,295,1186,BBB,High,13017000000.0,8402000000.0,2593000000.0,4615000000.0,,13017000000.0,738000000.0,22.1426,16.3322,16.9385,13.7211187049373,3.20699998281186,0.708294474731454,11.0959173933608,1.44569992311132,41342621172.3,14.3078,26.0357,73.9643,23.3063,34.6705,1.5307,3.019,5917000000.0,36960027.0,0.110200838817412,1186,True,Energy_Materials
d,Dominion Energy Inc,USD,"NEW YORK STOCK EXCHANGE, INC.",Utilities,A,High,BB,Medium,BB,Medium,535,325,310,1170,BBB,High,17174000000.0,,13089000000.0,,,17174000000.0,7591000000.0,3.6022,1.4055,1.2249,17.8927037163314,53.8520636471831,2.05107484348609,-798.939571123881,3.11685986172703,63633600000.0,0.9535,17.6135,82.3865,62.0971,73.2538,3.7389,0.7323,994000000.0,20529361.0,-0.0905600903867497,1170,True,Real_Assets
cvs,CVS Health Corp,USD,"NEW YORK STOCK EXCHANGE, INC.",Health Care,A,High,BB,Medium,BB,Medium,540,302,315,1157,BBB,High,322467000000.0,196892000000.0,115296000000.0,125575000000.0,,322467000000.0,2727000000.0,5.6801,3.2603,3.3658,12.3857835521029,21.8259781789202,1.27516698534591,147.485315088502,0.280822482500039,136377520000.0,1.8246,44.4292,55.5708,42.3902,68.7592,3.2009,0.9419,4165000000.0,73891927.0,-0.0128068041568449,1157,True,Healthcare
dal,Delta Air Lines Inc,USD,"NEW YORK STOCK EXCHANGE, INC.",Airlines,A,High,BB,Medium,BB,Medium,515,300,313,1128,BBB,High,50582000000.0,,44929000000.0,,,50582000000.0,6366000000.0,25.1791,4.3629,4.4509,18.3822748272955,33.1322603466464,6.6345060979763,-8.56913640833595,0.863317368567475,25009930486.2,1.8233,39.4789,60.5211,77.7725,90.8948,10.9827,0.5016,1318000000.0,33843303.0,-0.0036584500583171,1128,True,Transport
crm,Salesforce Inc,USD,"NEW YORK STOCK EXCHANGE, INC.",Technology,B,Medium,B,Medium,B,Medium,215,241,200,656,B,Medium,26492000000.0,7026000000.0,18918000000.0,19466000000.0,2598000000.0,26492000000.0,717000000.0,2.8989,2.5583,2.1012,39.6219721577726,118.660470914127,2.94757908861021,-234.399069767442,6.46782877849917,250318050000.0,1.5167,58.7626,41.2374,15.4126,38.9438,1.6378,1.0487,1444000000.0,111193100.0,0.0769232129917209,656,True,Tech
cvx,Chevron Corp,USD,"NEW YORK STOCK EXCHANGE, INC.",Energy,B,Medium,B,Medium,B,Medium,210,217,210,637,B,Medium,244302000000.0,161735000000.0,34032000000.0,82567000000.0,,246252000000.0,11974000000.0,23.7742,20.0902,19.42,6.40112575203471,11.6909956618866,2.60306350465721,33.6379329181251,1.69716646261107,226462740788.95,13.8171,35.097,64.903,12.78,37.8206,1.6082,1.4717,35608000000.0,60343862.0,0.101121865474572,637,True,Energy_Materials
ctva,Corteva Inc,USD,"NEW YORK STOCK EXCHANGE, INC.",Chemicals,AA,Excellent,BB,Medium,BB,Medium,610,312,320,1242,A,High,17455000000.0,10436000000.0,5454000000.0,7019000000.0,,17455000000.0,605000000.0,4.5259,4.3193,4.3106,9.61157440993789,48.4231241590758,2.19513569719627,-45.6004297294417,3.18197212320023,34350196560.0,2.7172,62.915,37.085,4.9119,40.0699,1.6686,1.5632,1158000000.0,38718127.0,0.107964706443455,1242,True,Energy_Materials
ctra,Coterra Energy Inc,USD,"NEW YORK STOCK EXCHANGE, INC.",Energy,A,High,BB,Medium,BB,Medium,555,329,310,1194,BBB,High,9051000000.0,3050000000.0,791000000.0,6001000000.0,396000000.0,9051000000.0,1710000000.0,33.2407,27.2965,27.307,7.47244937070938,6.68496198520295,2.14664432181452,-74.8605247103306,3.00236111698707,15457062875.0,20.1697,15.9407,84.0593,14.7203,37.1341,1.5907,1.8533,4065000000.0,58116917.0,0.224822074979327,1194,True,Energy_Materials
cpb,Campbell Soup Co,USD,"NEW YORK STOCK EXCHANGE, INC.",Food Products,A,High,BB,Medium,BB,Medium,515,301,305,1121,BBB,High,8562000000.0,5935000000.0,1438000000.0,2627000000.0,617000000.0,8562000000.0,242000000.0,23.3534,9.2594,9.2986,9.71618054665951,8.25121390171731,1.87516329138397,156.15422309,0.729522182153702,13113528177.88,6.3656,33.7189,66.2811,59.0837,71.9728,3.568,0.6802,757000000.0,29754989.0,0.0672465161063938,1121,True,Consumer
crl,Charles River Laboratories International Inc,USD,"NEW YORK STOCK EXCHANGE, INC.",Life Sciences Tools and Services,A,High,BB,Medium,B,Medium,510,322,235,1067,BBB,High,3976060000.0,2513409000.0,811676000.0,1462651000.0,,3976060000.0,324733000.0,17.6453,8.9339,8.5546,26.4820677772517,16.7148675924364,2.73064621325925,-1593.56925686275,2.04403434807322,19019854400.0,6.4793,23.8376,76.1624,47.6357,60.2315,2.5146,1.3183,492608000.0,33001049.0,0.0264037728742907,1067,True,Healthcare
cop,Conocophillips,USD,"NEW YORK STOCK EXCHANGE, INC.",Energy,AA,Excellent,A,High,BB,Medium,687,544,305,1536,A,High,81652000000.0,48481000000.0,4551000000.0,33171000000.0,,82156000000.0,10159000000.0,39.9961,28.7416,28.8958,4.99883927114535,8.71930899379015,3.39305235097806,125.67645987963,1.99476671733699,93995890500.96,19.9086,28.0343,71.9657,25.7448,48.8399,1.9546,1.4594,18680000000.0,55361739.0,0.113566492506536,1536,True,Energy_Materials
coo,Cooper Companies Inc,USD,"NEW YORK STOCK EXCHANGE, INC.",Health Care,A,High,BB,Medium,BB,Medium,500,300,300,1100,BBB,High,3308400000.0,1168800000.0,1632000000.0,2139600000.0,,3308400000.0,242000000.0,5.466,4.2029,3.8821,27.5063476567015,36.1806221693105,1.94556889440658,332.344857926667,4.21910410860839,20698995898.8,3.357,29.6507,70.3493,27.8067,37.5695,1.6018,1.1979,385800000.0,24238450.0,-0.0857098201302533,1100,True,Healthcare
cof,Capital One Financial Corp,USD,"NEW YORK STOCK EXCHANGE, INC.",Financial Services,A,High,BB,Medium,BB,Medium,508,309,320,1137,BBB,High,,,,,,,934000000.0,12.9565,,,,15.3894268637446,2.15408660220532,12.3088656506368,3.98782458603528,60046735133.33,1.6167,,,88.4498,88.4498,8.6579,,7360000000.0,37321743.0,0.149814348460825,1137,True,Financials
cnc,Centene Corp,USD,"NEW YORK STOCK EXCHANGE, INC.",Health Care,A,High,BB,Medium,BB,Medium,548,355,315,1218,A,High,144547000000.0,,140911000000.0,,,144547000000.0,1004000000.0,4.7274,2.7409,2.8567,16.2396684706598,13.7303534651248,0.686032542090868,-18.6695530147964,0.114176599065218,47996269600.0,1.5637,54.0801,45.9199,42.8262,68.4701,3.1716,1.0585,1202000000.0,68126691.0,0.0448795617464998,1218,True,Healthcare
cnp,CenterPoint Energy Inc,USD,"NEW YORK STOCK EXCHANGE, INC.",Utilities,A,High,BB,Medium,B,Medium,550,320,260,1130,BBB,High,9321000000.0,,7755000000.0,,,9321000000.0,4419000000.0,10.8616,4.0327,3.7471,16.1949645816332,26.1974741351466,2.99197516594814,-169.881780127914,2.97078963210492,17553255833.94,2.7422,17.9397,82.0603,62.6594,73.9402,3.8373,0.919,1057000000.0,26941934.0,-0.0834049555189845,1130,True,Real_Assets
cms,CMS Energy Corp,USD,"NEW YORK STOCK EXCHANGE, INC.",Utilities,BBB,High,AA,Excellent,C,Low,450,667,75,1192,BBB,High,8596000000.0,6960000000.0,207000000.0,1636000000.0,,8596000000.0,2374000000.0,12.2673,4.1426,3.8819,12.9044741166804,27.9439753564277,3.44413302508173,-79.5547869841156,2.72092919652513,18851490000.0,2.5931,12.5642,87.4358,67.0719,75.7758,4.1281,1.1501,813000000.0,21247368.0,-0.0886891295934347,1192,True,Real_Assets
cmi,Cummins Inc,USD,"NEW YORK STOCK EXCHANGE, INC.",Machinery,A,High,BB,Medium,BB,Medium,510,320,300,1130,BBB,High,28074000000.0,21355000000.0,4035000000.0,6719000000.0,,28074000000.0,916000000.0,24.6547,14.6014,12.7807,9.27092026293227,34.0435589911669,8.15907469526462,-149.139909144603,2.60838125632258,31084950000.0,7.2049,56.8945,43.1055,46.6726,66.253,2.9632,1.2653,2183000000.0,35569098.0,0.174316157923231,1130,True,Industrials
cl,Colgate-Palmolive Co,USD,"NEW YORK STOCK EXCHANGE, INC.",Consumer products,A,High,BB,Medium,BB,Medium,520,310,310,1140,BBB,High,17967000000.0,7719000000.0,6645000000.0,10248000000.0,,17967000000.0,696000000.0,353.4653,20.9741,19.472,20.5512277204191,37.782773712,168.185164777855,-1183.19738729684,3.75367346111872,71726587436.56,12.504,26.8275,73.1725,95.6256,94.8764,19.5174,1.277,1967000000.0,25917367.0,-0.0008155464242942,1140,True,Consumer
mmm,3M Co,USD,"NEW YORK STOCK EXCHANGE, INC.",Industrial Conglomerates,A,High,BB,Medium,BB,Medium,526,310,305,1141,BBB,High,34229000000.0,19232000000.0,10911000000.0,14997000000.0,,34229000000.0,1749000000.0,38.8135,18.2707,18.7955,11.9887185322138,13.0205687502545,5.10934829983834,-82.7500832455666,2.197546690532,101576912257.14,12.4658,30.0552,69.9448,52.1018,68.2058,3.1452,1.5424,5791000000.0,34370079.0,0.002601828943452,1141,True,Industrials
cfg,Citizens Financial Group Inc,USD,"NEW YORK STOCK EXCHANGE, INC.",Banking,B,Medium,B,Medium,B,Medium,230,215,205,650,B,Medium,,,,,,7547000000.0,126000000.0,8.8007,,,,12.00561619589,1.14816582275697,17.9176690958099,3.29768681251888,19945982558.25,0.9143,,,89.5516,89.5516,9.5708,,2073000000.0,24908843.0,0.0979329674346676,650,True,Financials
cag,Conagra Brands Inc,USD,"NEW YORK STOCK EXCHANGE, INC.",Food Products,A,High,BB,Medium,BB,Medium,525,306,300,1131,BBB,High,11535900000.0,8697100000.0,1492800000.0,2838800000.0,,11535900000.0,464400000.0,10.2448,5.0287,4.999,13.5862608976041,8.1864625309615,0.827431070701094,2345.55355483871,0.630311984327187,16381677513.65,3.959,25.9252,74.0748,50.5406,60.4985,2.5315,0.8621,888200000.0,27393273.0,-0.0826671539369917,1131,True,Consumer
ci,Cigna Corp,USD,"NEW YORK STOCK EXCHANGE, INC.",Health Care,A,High,BB,Medium,BB,Medium,508,328,310,1146,BBB,High,,,139896000000.0,,,180516000000.0,1295000000.0,14.4982,,,,10.7529654478344,1.59789564998574,167.525171977009,0.397198994029117,74158549240.0,4.6869,,,68.807,68.7693,3.202,,6746000000.0,50288599.0,0.0241353257097208,1146,True,Healthcare
cah,Cardinal Health Inc,USD,"NEW YORK STOCK EXCHANGE, INC.",Health Care,A,High,BB,Medium,BB,Medium,505,300,315,1120,BBB,High,181364000000.0,174819000000.0,4881000000.0,6545000000.0,,181364000000.0,387000000.0,,-14.7708,-20.2562,15.7809493670886,-52.3849266057878,-68.9353124445698,37.3092645215267,0.269486427974681,14262730000.0,-2.1241,68.5223,31.4777,115.393,101.609,-62.1501,1.0781,-932000000.0,25923059.0,0.0804787763308066,1120,True,Healthcare
ma,Mastercard Inc,USD,"NEW YORK STOCK EXCHANGE, INC.",Technology,B,Medium,B,Medium,B,Medium,210,230,215,655,B,Medium,22237000000.0,,9617000000.0,,8078000000.0,22237000000.0,1097000000.0,145.9221,47.8162,48.8657,28.0402838427948,44.972307626712,70.9074332698079,-632.542513786473,20.0825207866731,352133600000.0,25.643,43.8093,56.1907,69.0074,83.5322,6.0724,1.1718,9930000000.0,56641526.0,0.0256119683708424,655,True,Tech
lw,Lamb Weston Holdings Inc,USD,"NEW YORK STOCK EXCHANGE, INC.",Food Products,BB,Medium,B,Medium,BB,Medium,345,256,300,901,BBB,High,4098900000.0,3266900000.0,387600000.0,832000000.0,,4098900000.0,290100000.0,47.7708,6.3712,6.5048,18.6633799497572,28.225314403783,15.7294470560888,-21.9360373838298,1.38341156498573,9203004168.0,4.8529,18.4981,81.5019,88.3277,91.2918,11.4835,2.3739,200900000.0,20283844.0,0.0834311925592012,901,True,Consumer
maa,Mid-America Apartment Communities Inc,USD,"NEW YORK STOCK EXCHANGE, INC.",Real Estate,BB,Medium,B,Medium,B,Medium,315,261,210,786,BB,Medium,,723694000.0,667294000.0,,58833000.0,2019866000.0,567604000.0,10.6053,,,,22.4014012277311,2.36973940559442,-205.380062321113,7.06950836986216,26462892829.44,5.8248,,,45.5003,44.7529,1.81,,654776000.0,23707428.0,-0.0160439341035385,786,True,Real_Assets
mlm,Martin Marietta Materials Inc,USD,"NEW YORK STOCK EXCHANGE, INC.",Construction,A,High,BB,Medium,BB,Medium,573,313,300,1186,BBB,High,6160700000.0,4737400000.0,396700000.0,1423300000.0,,5730500000.0,481800000.0,12.6487,7.2698,7.0988,23.1231242350061,40.3641220639825,4.87938372568998,350.226436487087,5.67916324525784,27488448000.0,5.7811,18.484,81.516,41.276,52.1609,2.0903,1.9901,866800000.0,25603097.0,0.207727251849062,1186,True,Industrials
luv,Southwest Airlines Co,USD,"NEW YORK STOCK EXCHANGE, INC.",Airlines,B,Medium,BB,Medium,B,Medium,295,314,218,827,BB,Medium,23814000000.0,,22797000000.0,,,23814000000.0,3946000000.0,5.1088,2.7007,2.8708,7.83563033816252,36.0330243871985,1.81732947924581,-6.49993311402276,0.815562280368691,25366425469.56,1.5239,42.0468,57.9532,43.0786,69.7843,3.3095,1.4269,539000000.0,24701775.0,-0.0531914360450462,827,True,Transport
lnc,Lincoln National Corp,USD,"NEW YORK STOCK EXCHANGE, INC.",Insurance,AA,Excellent,BB,Medium,BB,Medium,700,300,300,1300,A,High,,,5262000000.0,,,18784000000.0,,-18.2743,,,,-3.05834721462955,2.18649735055538,9.31729035154583,0.362592591938884,12095229333.9,-0.6639,,,98.7774,98.7774,81.794,,-2227000000.0,47196369.0,0.0494926150769715,1300,True,Financials
len,Lennar Corp,USD,"NEW YORK STOCK EXCHANGE, INC.",Consumer products,BB,Medium,BB,Medium,B,Medium,363,344,220,927,BBB,High,,26468866000.0,480897000.0,,414498000.0,33671010000.0,57214000.0,20.5452,,,,4.87697304430417,0.933713543206572,12.0978014727537,0.668318629231793,33947506591.6,12.238,,,36.3169,36.1832,1.567,,4648501000.0,112308573.0,0.0801362662850784,927,True,Consumer
pg,Procter & Gamble Co,USD,"NEW YORK STOCK EXCHANGE, INC.",Consumer products,A,High,BBB,High,BB,Medium,560,422,310,1292,A,High,80187000000.0,42157000000.0,20217000000.0,38030000000.0,,80187000000.0,3156000000.0,31.7145,18.8459,18.5203,19.9110399474927,22.4517824961131,7.23525942285008,-107.672146245185,4.12765382864679,392112008187.48,12.6212,47.0208,52.9792,40.3332,60.0249,2.5016,0.6545,14793000000.0,59139890.0,-0.0007445097006573,1292,True,Consumer
ogn,Organon & Co,USD,"NEW YORK STOCK EXCHANGE, INC.",Pharmaceuticals,A,High,BB,Medium,BB,Medium,515,335,305,1155,BBB,High,6174000000.0,2294000000.0,2203000000.0,3880000000.0,,6174000000.0,427000000.0,,11.7211,11.4325,9.28689001337007,1.71745875954198,-1.76559381446188,-50.8035381451613,0.255087412131519,7720598383.05,8.3706,21.2037,78.7963,111.1208,108.1424,-12.2814,1.5649,917000000.0,36965977.0,0.0216211611137421,1155,True,Healthcare
oxy,Occidental Petroleum Corp,USD,"NEW YORK STOCK EXCHANGE, INC.",Energy,A,High,BB,Medium,BB,Medium,505,302,300,1107,BBB,High,36634000000.0,14227000000.0,8742000000.0,22407000000.0,,36634000000.0,4497000000.0,52.7811,26.6442,25.0481,4.17020776125,4.79746706623271,3.14055512715446,-35.9175587220934,1.74224768928209,27078825553.0,18.3228,18.2415,81.7585,39.7336,58.5657,2.4135,1.1455,13304000000.0,47642557.0,0.46420641558342,1107,True,Energy_Materials
dell,Dell Technologies Inc,USD,"NEW YORK STOCK EXCHANGE, INC.",Technology,A,High,BB,Medium,B,Medium,500,318,275,1093,BBB,High,101197000000.0,79306000000.0,17232000000.0,21891000000.0,,101197000000.0,2796000000.0,,14.6003,22.0151,6.00968987493725,20.4090405635125,-67.3801143352047,-22.2531345854214,1.12192547856972,42907416124.91,6.1541,59.6077,40.3923,106.6682,101.7038,-58.693,0.801,5707000000.0,84416779.0,0.0426908787975248,1093,True,Tech
payc,Paycom Software Inc,USD,"NEW YORK STOCK EXCHANGE, INC.",Technology,BBB,High,BB,Medium,BB,Medium,470,305,315,1090,BBB,High,1375218000.0,212741000.0,783798000.0,1162477000.0,239130000.0,1375218000.0,136798000.0,27.1046,26.3661,23.2244,73.9994865662024,23.7303703553088,5.64639409703308,11.1962112660378,4.85556848725802,24086002280.0,7.2105,87.3941,12.6059,2.3935,69.6963,3.2999,1.1629,281389000.0,29069108.0,0.0948525077099106,1090,True,Tech
peg,Public Service Enterprise Group Inc,USD,"NEW YORK STOCK EXCHANGE, INC.",Utilities,A,High,BB,Medium,B,Medium,500,300,205,1005,BBB,High,9800000000.0,4018000000.0,4278000000.0,5782000000.0,,9800000000.0,2888000000.0,7.3206,3.0379,3.0324,63.469766297663,38.9413799757517,2.92436177106854,-114.058416917614,4.09679211785714,33631920000.0,2.1163,19.0917,80.9083,59.6194,71.8195,3.5485,0.6442,1031000000.0,36582935.0,-0.0578222676804456,1005,True,Real_Assets
oke,ONEOK Inc,USD,"NEW YORK STOCK EXCHANGE, INC.",Energy,A,High,BB,Medium,BB,Medium,581,326,355,1262,A,High,22386892000.0,17909866000.0,1669607000.0,4477026000.0,,22386892000.0,1202057000.0,27.5356,8.6602,8.5565,15.4139603249236,34.216778586128,9.07451466008098,798.104645882496,2.63229280033066,26215079280.52,7.0643,17.0623,82.9377,67.7158,73.3629,3.7542,0.8349,1722221000.0,22635540.0,0.113399484995612,1262,True,Energy_Materials
nrg,NRG Energy Inc,USD,"NEW YORK STOCK EXCHANGE, INC.",Utilities,BB,Medium,BB,Medium,B,Medium,371,327,218,916,BBB,High,31543000000.0,27446000000.0,1862000000.0,4097000000.0,,31543000000.0,367000000.0,32.8756,10.4194,10.289,4.84406059801088,25.680016311597,8.19103968559561,29.3588950528652,0.994049390243794,10500917968.92,4.1893,51.2758,48.7242,67.7425,86.8661,7.6139,1.2503,1221000000.0,23175796.0,-0.0769664687042985,916,True,Real_Assets
l,Loews Corp,USD,"NEW YORK STOCK EXCHANGE, INC.",Insurance,A,High,BB,Medium,BB,Medium,505,303,313,1121,BBB,High,,,6038000000.0,,,14044000000.0,660000000.0,6.2384,,,,21.759753601166,1.50848545310179,-247.425512858202,1.56799135889917,14348568865.76,1.461,,,80.4353,79.4977,4.8775,,1103000000.0,31603599.0,0.0771905725974566,1121,True,Financials
omc,Omnicom Group Inc,USD,"NEW YORK STOCK EXCHANGE, INC.",Media,A,High,BB,Medium,BB,Medium,543,333,305,1181,BBB,High,14289100000.0,11607900000.0,597900000.0,2681200000.0,,14289100000.0,78200000.0,40.3692,14.7824,14.8821,6.71072777846971,16.3027115704975,6.59958789168845,-20.73673408943,1.50202040594299,15313430000.0,5.1988,65.8962,34.1038,63.2373,84.5966,6.4921,0.9708,1403800000.0,48951340.0,0.0107428662704797,1181,True,Consumer
orcl,Oracle Corp,USD,"NEW YORK STOCK EXCHANGE, INC.",Technology,A,High,BB,Medium,B,Medium,500,300,200,1000,BBB,High,42440000000.0,,26610000000.0,,1317000000.0,42440000000.0,4511000000.0,,8.4426,9.6455,15.8671002093023,61.1475553461367,-66.0334612958199,-47.1288731222031,9.67785412959472,232889682870.0,6.314,16.9565,83.0435,108.9318,105.2774,-18.9489,1.6213,6901000000.0,318983639.0,-0.0671107018302926,1000,True,Tech
o,Realty Income Corp,USD,"NEW YORK STOCK EXCHANGE, INC.",Real Estate,A,High,BB,Medium,BB,Medium,500,300,300,1100,BBB,High,,226330000.0,1808848000.0,,138459000.0,3343681000.0,8981950000.0,3.2341,,,,64.6403066352967,1.95724961101201,-532.750641885143,16.8074645013026,42328445935.69,1.7563,,,42.0439,41.9338,1.7222,,872416000.0,32740033.0,-0.0249042114484476,1100,True,Real_Assets
dpz,Domino's Pizza Inc,USD,"NEW YORK STOCK EXCHANGE, INC.",Hotels Restaurants and Leisure,B,Medium,B,Medium,B,Medium,205,205,200,610,B,Medium,4537158000.0,2888552000.0,901854000.0,1648606000.0,416524000.0,4537158000.0,94048000.0,,53.4003,54.2823,31.7861820488793,26.6599406327292,-2.87828064982997,-28.0321598664106,2.65745753848114,20534149864.41,28.2273,9.266,90.734,602.7876,361.4536,-0.3825,1.4734,452263000.0,23527429.0,-0.0253828442138722,610,True,Consumer
t,AT&T Inc,USD,"NEW YORK STOCK EXCHANGE, INC.",Telecommunication,B,Medium,B,Medium,BB,Medium,210,200,305,715,B,Medium,120741000000.0,50848000000.0,46982000000.0,69893000000.0,,120741000000.0,19626000000.0,-6.4617,-2.9537,-3.7392,5.48909268712982,-23.7513717330971,2.07647889900431,-11.5537689124533,1.67678495832335,175670171767.8,-1.7513,18.952,81.048,58.2244,73.5742,3.7842,0.5894,-7055000000.0,73832746.0,-0.0074931836983629,715,True,Tech
unp,Union Pacific Corp,USD,"NEW YORK STOCK EXCHANGE, INC.",Road and Rail,B,Medium,B,Medium,B,Medium,290,257,245,792,BB,Medium,24875000000.0,,14958000000.0,,,24875000000.0,3620000000.0,53.1682,15.6592,15.3839,15.9777309001588,20.291785163904,11.6749085404094,35500.47814425,5.70861960108543,160943378396.08,10.6923,10.3592,89.6408,73.2617,81.4161,5.381,0.7159,6998000000.0,28193638.0,0.0880273623286767,792,True,Transport
nem,Newmont Corporation,USD,"NEW YORK STOCK EXCHANGE, INC.",Metals and Mining,AA,Excellent,BB,Medium,BB,Medium,675,389,355,1419,A,High,11915000000.0,6468000000.0,4241000000.0,5447000000.0,276000000.0,11915000000.0,2131000000.0,-2.0713,-1.5931,-1.6833,13.9800718033692,-250.121575283916,5.54418496418312,-49.9312032558399,9.005636239765,49119840000.0,-0.9589,15.4414,84.5586,24.0603,49.2412,1.9701,2.2266,-369000000.0,36323460.0,0.0393150929275963,1419,True,Energy_Materials
fdx,FedEx Corp,USD,"NEW YORK STOCK EXCHANGE, INC.",Logistics and Transportation,BB,Medium,B,Medium,B,Medium,335,278,255,868,BB,Medium,93512000000.0,,86989000000.0,,,93512000000.0,6763000000.0,15.5823,8.4787,8.4486,7.3341961647823,21.7995273287507,3.34435990054934,-438.973639788421,0.891917524593635,68531670614.88,4.4491,23.3789,76.6211,44.8289,70.9991,3.4482,1.4267,3826000000.0,30324811.0,0.101679222698884,868,True,Transport
nke,Nike Inc,USD,"NEW YORK STOCK EXCHANGE, INC.",Textiles Apparel and Luxury Goods,B,Medium,B,Medium,B,Medium,205,275,200,680,B,Medium,46710000000.0,25231000000.0,14804000000.0,21479000000.0,10954000000.0,46710000000.0,758000000.0,43.1118,25.7864,24.4668,33.9675496309469,12.7495143470294,5.04440571573457,-58.6186796518175,1.65025826893899,263554483150.91,14.9947,42.8514,57.1486,38.1611,62.1016,2.6386,2.6294,6046000000.0,59985024.0,0.224267518856306,680,True,Consumer
f,Ford Motor Co,USD,"NEW YORK STOCK EXCHANGE, INC.",Automobiles,B,Medium,B,Medium,B,Medium,292,246,215,753,BB,Medium,158057000000.0,134397000000.0,10888000000.0,23660000000.0,,158057000000.0,6866000000.0,-4.3177,-1.452,-1.492,5.15039529704592,-23.3608847097426,1.07020749757181,10.0538589202694,0.29279255338264,85593170000.0,-0.841,45.5375,54.4625,67.4326,83.1302,5.9278,1.2024,-2152000000.0,74871692.0,0.0529785845007878,753,True,Consumer
lmt,Lockheed Martin Corp,USD,"NEW YORK STOCK EXCHANGE, INC.",Aerospace and Defense,A,High,BB,Medium,BB,Medium,510,324,320,1154,BBB,High,65984000000.0,57697000000.0,,8287000000.0,,65984000000.0,1670000000.0,56.6823,24.2214,23.2112,11.8087401839803,25.1807810466155,15.5769735548457,-136.552731276443,2.18744297040495,96316110000.0,10.8396,36.4264,63.5736,62.4782,82.4773,5.7069,1.3213,5732000000.0,73931847.0,0.144980935005938,1154,True,Industrials
rsg,Republic Services Inc,USD,"NEW YORK STOCK EXCHANGE, INC.",Commercial Services and Supplies,B,Medium,B,Medium,B,Medium,293,235,216,744,B,Medium,13511300000.0,8205000000.0,2805900000.0,5306300000.0,,13511300000.0,1454000000.0,15.9401,7.4371,6.9283,16.9418900931736,45.1243021214305,6.93030268798679,617.542887174241,4.96820526787504,44233540000.0,5.1203,17.5084,82.4916,54.889,66.6581,2.9992,0.6952,1487600000.0,27355997.0,-0.0069694520321048,744,True,Industrials
enph,Enphase Energy Inc,USD,NASDAQ NMS - GLOBAL MARKET,Semiconductors,A,High,BB,Medium,BB,Medium,565,316,300,1181,BBB,High,2330853000.0,1356258000.0,523950000.0,974595000.0,140002000.0,2330853000.0,46443000.0,63.2873,22.1758,18.7795,124.531428744743,13.2563016781172,6.38047822230136,14.8831133660519,2.25992396235198,24494568360.0,12.8835,28.2559,71.7441,60.983,73.2329,3.7359,3.5478,397362000.0,51218358.0,0.326544619852123,1181,True,Tech
exc,Exelon Corp,USD,NASDAQ NMS - GLOBAL MARKET,Utilities,AA,Excellent,BBB,High,BB,Medium,694,403,316,1413,A,High,19078000000.0,14371000000.0,1390000000.0,4707000000.0,,19078000000.0,7147000000.0,7.3389,3.0481,3.3491,9.82143266475645,22.8210481126267,2.001360911914,-93.613751237051,2.59574768866758,56547040000.0,2.2769,15.0287,84.9713,61.8113,74.049,3.8534,0.6914,2171000000.0,53129053.0,-0.0942746412106075,1413,True,Real_Assets
expd,Expeditors International of Washington Inc,USD,NASDAQ NMS - GLOBAL MARKET,Logistics and Transportation,A,High,BB,Medium,BB,Medium,510,302,300,1112,BBB,High,17071284000.0,,15246913000.0,,,17071284000.0,86824000.0,41.1056,41.1056,43.646,10.4429538424477,14.0709485125597,6.1414027236472,62.5325889621168,1.11883156767821,22454630900.0,24.3381,82.9285,17.0715,0.0,44.306,1.7955,2.1996,1360605000.0,34191665.0,0.165671857890044,1112,True,Transport
expe,Expedia Group Inc,USD,NASDAQ NMS - GLOBAL MARKET,Hotels Restaurants and Leisure,B,Medium,B,Medium,BB,Medium,225,242,305,772,BB,Medium,11667000000.0,1657000000.0,8821000000.0,10010000000.0,748000000.0,11667000000.0,662000000.0,16.2212,3.6994,4.13,20.5486370833333,81.0540336060227,12.4971615546737,620.239561506957,2.44544611548127,28128706560.0,1.5908,60.4385,39.5615,73.2137,82.7095,5.7835,0.8156,343000000.0,42493810.0,0.133495591653894,772,True,Consumer
fast,Fastenal Co,USD,NASDAQ NMS - GLOBAL MARKET,Trading Companies and Distributors,B,Medium,BB,Medium,B,Medium,230,302,200,732,B,Medium,6980600000.0,3764800000.0,1762200000.0,3215800000.0,1762200000.0,6980600000.0,173800000.0,35.0308,30.4011,29.2319,26.6398440522441,47.6546731539608,16.3745144951442,-8491.12528705574,7.41997310418016,36864267528.92,23.8953,57.0088,42.9912,14.9266,30.4577,1.438,3.9564,1086900000.0,16385377.0,0.176612289833941,732,True,Industrials
ffiv,F5 Inc,USD,NASDAQ NMS - GLOBAL MARKET,Communications,B,Medium,B,Medium,B,Medium,200,221,215,636,B,Medium,2695845000.0,539627000.0,1744517000.0,2156218000.0,274558000.0,2695845000.0,33624000.0,13.3422,11.6135,11.4292,27.0828256487454,51.4298015891172,6.71072195862012,93.1480985413832,6.14598572245437,14856588810.0,6.1059,65.5436,34.4564,12.4088,53.2053,2.137,1.0393,322160000.0,36921360.0,-0.0168082268254049,636,True,Tech
fisv,Fiserv Inc,USD,NASDAQ NMS - GLOBAL MARKET,Technology,BB,Medium,BB,Medium,BB,Medium,395,302,310,1007,BBB,High,17737000000.0,7992000000.0,6059000000.0,9745000000.0,,17737000000.0,1479000000.0,8.1904,4.8451,4.8425,17.4550259274033,11.7397403227194,0.963459939551057,-2284.73407819077,1.67455280016237,67463500000.0,3.0786,50.7043,49.2957,40.9945,62.2173,2.6467,1.041,2582000000.0,40854518.0,-0.0518848753547298,1007,True,Tech
eqix,Equinix Inc,USD,NASDAQ NMS - GLOBAL MARKET,Real Estate,A,High,BB,Medium,BB,Medium,515,323,315,1153,BBB,High,7263105000.0,3751501000.0,2307100000.0,3511604000.0,1498701000.0,7263105000.0,2526280000.0,6.2922,2.7683,2.6668,33.9645797011792,134.391264346194,8.22684641045524,263.822179540126,13.0326926412216,76608918051.04,2.3245,9.7756,90.2244,56.4362,62.0404,2.6344,1.798,704577000.0,58674916.0,-0.135277340277207,1153,True,Real_Assets
ftnt,Fortinet Inc,USD,NASDAQ NMS - GLOBAL MARKET,Technology,A,High,BB,Medium,BB,Medium,500,306,305,1111,BBB,High,4417400000.0,1084900000.0,2367500000.0,3332500000.0,169000000.0,4417400000.0,281200000.0,,69.1678,120.9509,63.864982190561,69.9358543456083,-212.911959980433,164.804859622018,13.5726916128243,58222800000.0,13.754,47.2902,52.7098,139.7291,104.5215,-22.1165,1.2378,856600000.0,34023023.0,0.120503881971154,1111,True,Tech
etsy,ETSY Inc,USD,NASDAQ NMS - GLOBAL MARKET,Retail,B,Medium,B,Medium,B,Medium,235,241,235,711,B,Medium,2566111000.0,744592000.0,1435057000.0,1821519000.0,312260000.0,2566111000.0,30743000.0,,-28.5743,-37.6758,52.9480873555225,-6.72619024612265,-8.53304409418317,33.1007015324421,1.81984067470191,27810222514.92,-26.3491,19.8526,80.1474,129.698,120.7697,-4.8147,2.3961,-694288000.0,55106987.0,0.259820007330141,711,True,Consumer
ben,Franklin Resources Inc,USD,"NEW YORK STOCK EXCHANGE, INC.",Financial Services,BB,Medium,BB,Medium,BB,Medium,321,349,310,980,BBB,High,8275300000.0,,6521100000.0,,,8275300000.0,90300000.0,11.3834,6.6933,6.0949,6.61691317938205,9.50910266918492,1.07060897445837,90.7968199432373,1.48451533338006,16829370586.73,4.7511,17.236,82.764,43.4991,50.7327,2.0297,2.523,1333200000.0,43562422.0,0.10793492623882,980,True,Financials
dlr,Digital Realty Trust Inc,USD,"NEW YORK STOCK EXCHANGE, INC.",Real Estate,A,High,BB,Medium,BB,Medium,540,317,300,1157,BBB,High,,2017562000.0,2012538000.0,,422167000.0,4691834000.0,2643097000.0,2.1225,,,,158.986874845109,3.56326058389318,-76104.9414942966,12.798150752776,50304483349.31,0.9168,,,55.4245,52.7006,2.1142,,380325000.0,47031948.0,-0.115237633097896,1157,True,Real_Assets
dhr,Danaher Corp,USD,"NEW YORK STOCK EXCHANGE, INC.",Life Sciences Tools and Services,A,High,BB,Medium,BB,Medium,530,344,385,1259,A,High,31471000000.0,12522000000.0,10261000000.0,18949000000.0,,31471000000.0,1152000000.0,15.1372,10.5163,10.1822,25.496234580183,18.4606569209252,2.74885107082559,39.0386845828542,4.22874632973055,235242150000.0,8.5465,24.4863,75.5137,28.2071,40.6165,1.684,1.8933,7209000000.0,50207945.0,0.100718776147589,1259,True,Healthcare
efx,Equifax Inc,USD,"NEW YORK STOCK EXCHANGE, INC.",Professional Services,BB,Medium,BB,Medium,BB,Medium,390,300,305,995,BBB,High,5122200000.0,2177200000.0,1889000000.0,2945000000.0,,5122200000.0,624500000.0,18.4646,7.4767,7.1451,27.2408666944676,30.1469654567366,5.30476869732845,346.914336379835,4.09752007945414,35749659000.0,6.0634,26.6047,73.3953,59.3947,65.5929,2.9064,0.6801,700200000.0,58660510.0,0.0186351097254452,995,True,Industrials
el,Estee Lauder Companies Inc,USD,"NEW YORK STOCK EXCHANGE, INC.",Consumer products,A,High,BB,Medium,BB,Medium,500,300,300,1100,BBB,High,17737000000.0,4305000000.0,9888000000.0,13432000000.0,,17737000000.0,1040000000.0,41.0406,21.1243,21.7233,32.7862082153996,10.5566783469665,4.51349932902504,-25.2052559932567,1.42247625016914,133001598516.0,11.516,40.1644,59.8356,49.1911,69.2396,3.2509,1.599,2408000000.0,58240925.0,0.216451510937693,1100,True,Consumer
emn,Eastman Chemical Co,USD,"NEW YORK STOCK EXCHANGE, INC.",Chemicals,A,High,BB,Medium,BB,Medium,583,365,310,1258,A,High,10580000000.0,8443000000.0,889000000.0,2137000000.0,,10580000000.0,624000000.0,14.6081,7.4928,7.696,11.1982201005501,10.4313433354351,1.60528920337667,243.295743088235,0.781857775519849,15587364142.8,5.4271,34.4714,65.5286,49.9903,64.3008,2.8012,1.1621,796000000.0,37443850.0,0.172730797924184,1258,True,Energy_Materials
emr,Emerson Electric Co,USD,"NEW YORK STOCK EXCHANGE, INC.",Electrical Equipment,AA,Excellent,BB,Medium,BB,Medium,605,323,315,1243,A,High,19629000000.0,11441000000.0,4248000000.0,8188000000.0,,19629000000.0,531000000.0,31.9158,17.3309,15.5801,14.7546914498141,21.9703559269576,6.84930721729062,-129.065854545455,3.6163951296551,55224180000.0,9.0547,40.1788,59.8212,50.0241,54.261,2.1863,1.0937,3230000000.0,39920215.0,0.0846126036357953,1243,True,Industrials
eog,EOG Resources Inc,USD,"NEW YORK STOCK EXCHANGE, INC.",Energy,A,High,B,Medium,B,Medium,550,252,240,1042,BBB,High,25702000000.0,6505000000.0,8849000000.0,19197000000.0,570000000.0,25702000000.0,5000000000.0,33.0458,27.155,25.9872,5.51054077572204,10.1981093314306,3.19331410882481,103.705282178991,3.07863708281729,51989022794.52,18.7547,33.2269,66.7731,17.0077,40.1054,1.6696,1.9001,7759000000.0,36695561.0,0.141850235515196,1042,True,Energy_Materials
eqr,Equity Residential,USD,"NEW YORK STOCK EXCHANGE, INC.",Real Estate,B,Medium,B,Medium,B,Medium,235,208,210,653,B,Medium,,982581000.0,940878000.0,,58710000.0,2735180000.0,454632000.0,7.0218,,,,28.9194365855034,2.0175563582632,-100.72368646254,8.21438749810981,33985211147.5,3.9914,,,43.2554,42.1268,1.7279,,806995000.0,25812930.0,-0.0821046369881641,653,True,Real_Assets
es,Eversource Energy,USD,"NEW YORK STOCK EXCHANGE, INC.",Utilities,A,High,BBB,High,BB,Medium,576,409,310,1295,A,High,12289336000.0,8522540000.0,1568642000.0,3766796000.0,,12289336000.0,3441852000.0,9.3431,3.8368,3.6573,17.4298151898191,18.1644272149195,1.64922698285379,84.8520658219615,2.07649540085485,31333802772.08,2.6533,18.0822,81.9178,59.7191,70.6397,3.406,0.6211,1412394000.0,33424590.0,-0.0453519252488295,1295,True,Real_Assets
ess,Essex Property Trust Inc,USD,"NEW YORK STOCK EXCHANGE, INC.",Real Estate,BB,Medium,BB,Medium,B,Medium,377,304,210,891,BB,Medium,,467269000.0,636600000.0,,56577000.0,1606814000.0,309494000.0,6.9738,,,,38.4833414576001,2.74882837703005,-984.729307968916,9.77918139078947,22982441466.39,3.4995,,,53.0175,52.1352,2.0892,,432985000.0,19279654.0,-0.0506253042036469,891,True,Real_Assets
fitb,Fifth Third Bancorp,USD,NASDAQ NMS - GLOBAL MARKET,Banking,BB,Medium,BB,Medium,B,Medium,313,300,215,828,BB,Medium,,,,,,,472000000.0,12.3732,,,,16.7422738303434,2.69223599954112,86.7618681970763,5.24953234059992,29734967267.2,1.1791,,,91.6477,91.6477,11.9728,,2446000000.0,33786027.0,0.111630062647664,828,True,Financials
etr,Entergy Corp,USD,"NEW YORK STOCK EXCHANGE, INC.",Utilities,AA,Excellent,BB,Medium,BB,Medium,653,380,310,1343,A,High,13764237000.0,10249909000.0,1402941000.0,3514328000.0,,13764237000.0,5288739000.0,8.9183,2.7935,2.7696,11.9038638695747,42.4691648943159,3.59332062417131,-213.349823181941,3.38518834235563,22828881177.6,1.8724,14.0572,85.9428,67.4447,77.3287,4.4109,0.6429,1097138000.0,38292088.0,-0.127557309957394,1343,True,Real_Assets
exr,Extra Space Storage Inc,USD,"NEW YORK STOCK EXCHANGE, INC.",Real Estate,A,High,B,Medium,B,Medium,572,289,225,1086,BBB,High,,468902000.0,419115000.0,,129251000.0,1924170000.0,1376342000.0,26.9973,,,,32.0108504118566,8.45238071432757,1279.01930362007,14.318565833206,30364204212.65,7.5707,,,71.278,66.4821,2.9835,,921156000.0,25893906.0,-0.0411069507971063,1086,True,Real_Assets
ew,Edwards Lifesciences Corp,USD,"NEW YORK STOCK EXCHANGE, INC.",Health Care,B,Medium,BB,Medium,BB,Medium,290,333,305,928,BBB,High,5382400000.0,1080400000.0,2512800000.0,4302000000.0,,5382400000.0,264800000.0,26.1436,23.7156,23.7685,43.4980710632278,31.3312979462514,8.21173856827458,-502.986311649789,8.85907817040725,80852155000.0,18.3527,41.1296,58.8704,9.3128,29.9765,1.4281,3.028,1521900000.0,33061811.0,0.0599449706373051,928,True,Healthcare
foxa,Fox Corp,USD,NASDAQ NMS - GLOBAL MARKET,Media,B,Medium,BB,Medium,BB,Medium,295,330,315,940,BBB,High,13974000000.0,9117000000.0,2283000000.0,4857000000.0,,13974000000.0,307000000.0,10.7292,6.4063,6.4977,6.2551326988846,20.7014323766971,2.19994937947967,-36.3633032272886,1.78511707556319,20170386829.65,5.5578,21.6155,78.3845,38.8568,47.8792,1.9186,3.6067,1233000000.0,69714306.0,-0.0116701995687107,940,True,Consumer
fcx,Freeport-McMoRan Inc,USD,"NEW YORK STOCK EXCHANGE, INC.",Metals and Mining,AA,Excellent,BB,Medium,BB,Medium,608,313,305,1226,A,High,22780000000.0,15089000000.0,535000000.0,7691000000.0,,22780000000.0,3469000000.0,23.484,13.9825,13.2225,6.49902815152142,23.1369566502249,5.15840344988621,1055.77586398658,3.52234265421334,60800610000.0,8.7664,24.1972,75.8028,40.5731,51.3221,2.0543,2.4607,4479000000.0,44467756.0,0.513058747769564,1226,True,Energy_Materials
fe,FirstEnergy Corp,USD,"NEW YORK STOCK EXCHANGE, INC.",Utilities,A,High,BB,Medium,BB,Medium,510,304,300,1114,BBB,High,12459000000.0,5968000000.0,4581000000.0,6491000000.0,,12459000000.0,2756000000.0,4.3098,1.2619,1.2759,14.8332782643544,71.2167042767734,2.84418472716604,-22.1563079972184,2.32073055111726,23717159315.36,0.9521,11.1603,88.8397,68.0515,76.9172,4.3322,0.6102,439000000.0,27255968.0,-0.065437254519989,1114,True,Real_Assets
fis,Fidelity National Information Services Inc,USD,"NEW YORK STOCK EXCHANGE, INC.",Technology,A,High,B,Medium,BB,Medium,530,298,310,1138,BBB,High,14528000000.0,8820000000.0,4118000000.0,5708000000.0,,,1390000000.0,-44.8468,-29.0644,-35.3078,17.4822220023744,-1.45860519426316,0.896020238374605,46.0148657510943,1.67868108811123,69965150000.0,-26.4041,45.2275,54.7725,42.5235,56.6895,2.3089,0.7901,-16708000000.0,108223450.0,-0.070412441221989,1138,True,Tech
fmc,FMC Corp,USD,"NEW YORK STOCK EXCHANGE, INC.",Chemicals,A,High,BB,Medium,BB,Medium,510,307,315,1132,BBB,High,5802300000.0,3475500000.0,1089400000.0,2326800000.0,,5802300000.0,142300000.0,22.9783,11.4569,11.0465,15.8409089389593,2.65879866501018,0.579710831220581,35.4747321880435,0.33748775774779,13813115747.31,6.6375,48.8984,51.1016,49.219,69.5568,3.2848,1.4314,741500000.0,23346392.0,0.0983181287643874,1132,True,Energy_Materials
frt,Federal Realty Investment Trust,USD,"NEW YORK STOCK EXCHANGE, INC.",Real Estate,A,High,BB,Medium,BB,Medium,525,302,300,1127,BBB,High,,356782000.0,355045000.0,,52636000.0,1074378000.0,877736000.0,13.9302,,,,23.2089066206474,3.20193853034332,-113.516775006027,8.32744585434549,10715202537.6,4.8052,,,62.962,60.9863,2.5632,,395661000.0,15674359.0,0.0194708848764014,1127,True,Real_Assets
ftv,Fortive Corp,USD,"NEW YORK STOCK EXCHANGE, INC.",Machinery,A,High,BB,Medium,BB,Medium,540,326,305,1171,BBB,High,5825700000.0,2462300000.0,2376000000.0,3363400000.0,,5825700000.0,95800000.0,7.8685,5.7199,5.8386,27.3603345759553,22.3434351216896,1.74254520146849,-153.258512297003,2.89643514151089,27395739000.0,4.7525,43.9713,56.0287,25.1363,39.0294,1.6401,0.9083,755200000.0,31556818.0,0.0395458067077479,1171,True,Industrials
grmn,Garmin Ltd,USD,"NEW YORK STOCK EXCHANGE, INC.",Consumer products,B,Medium,B,Medium,B,Medium,205,242,200,647,B,Medium,4860286000.0,2053511000.0,1778930000.0,2806775000.0,,4860286000.0,246193000.0,15.8069,15.8069,15.692,18.0582568628113,46.6717847317902,7.32373621337644,-207.549180052619,9.34902792512622,26227431360.0,12.593,79.3562,20.6438,0.0,19.749,1.2461,3.2643,973585000.0,13083221.0,0.128111466039188,647,True,Consumer
it,Gartner Inc,USD,"NEW YORK STOCK EXCHANGE, INC.",Technology,A,High,BB,Medium,BB,Medium,500,316,315,1131,BBB,High,5475846000.0,1693771000.0,2672890000.0,3782075000.0,,5475846000.0,108050000.0,269.7807,29.252,30.0386,22.4428079064538,13.6575014829184,48.4311365350003,-177.935197335613,2.01476010106931,27546818942.16,11.0661,50.8715,49.1285,91.5292,96.8794,32.0448,0.7744,807799000.0,38658939.0,0.0599574793667145,1131,True,Tech
lly,Eli Lilly and Co,USD,"NEW YORK STOCK EXCHANGE, INC.",Pharmaceuticals,A,High,BB,Medium,BB,Medium,510,360,310,1180,BBB,High,28541400000.0,6629800000.0,13631200000.0,21911600000.0,,28541400000.0,1854300000.0,63.6283,23.6759,23.2249,34.5298561297162,135.713319282763,79.5791973799508,-483.872415790465,29.693796949589,263545921520.0,12.6184,44.2683,55.7317,60.3926,78.227,4.5929,1.0523,6244800000.0,48159904.0,-0.0553294890997642,1180,True,Healthcare
evrg,Evergy Inc,USD,"NEW YORK STOCK EXCHANGE, INC.",Utilities,A,High,BB,Medium,BB,Medium,555,310,300,1165,BBB,High,5859100000.0,4158900000.0,433000000.0,1700200000.0,,5859100000.0,2166500000.0,8.0382,3.8171,3.7285,12.8947147181379,24.5976345348745,1.95225908816179,-18514.6395144,3.15998011885785,15732266139.0,2.5941,17.472,82.528,53.0219,67.8083,3.1064,0.5272,765000000.0,22406160.0,-0.147430934783084,1165,True,Real_Assets
gild,Gilead Sciences Inc,USD,NASDAQ NMS - GLOBAL MARKET,Biotechnology,A,High,BB,Medium,BB,Medium,500,303,300,1103,BBB,High,27281000000.0,5657000000.0,10650000000.0,21624000000.0,,27281000000.0,728000000.0,21.707,9.746,9.8816,11.074451975213,36.9982507368641,7.99886852088889,2295.89145113081,6.2276297563755,91052940000.0,7.228,26.779,73.221,54.2931,66.426,2.9785,1.2853,4566000000.0,56524969.0,-0.0499103593750747,1103,True,Healthcare
holx,Hologic Inc,USD,NASDAQ NMS - GLOBAL MARKET,Health Care,A,High,BB,Medium,BB,Medium,515,324,315,1154,BBB,High,4862800000.0,1865400000.0,1366600000.0,2997400000.0,407700000.0,4862800000.0,127200000.0,28.6317,17.3703,16.8635,7.40040358016922,12.9780390625576,3.46528174796973,14.4521098695262,3.47483072703998,19285234320.0,14.3531,22.3528,77.6472,36.8433,46.2453,1.8603,4.1186,1302000000.0,23445179.0,0.0650734559902688,1154,True,Healthcare
hsic,Henry Schein Inc,USD,NASDAQ NMS - GLOBAL MARKET,Health Care,B,Medium,B,Medium,B,Medium,210,205,200,615,B,Medium,12647000000.0,8816000000.0,2953000000.0,3831000000.0,,12647000000.0,96000000.0,15.6597,12.0999,11.7084,10.3700458147521,15.7153173957435,2.45352314535984,-8454.84075891,0.668525401985451,10632895111.74,6.576,56.5041,43.4959,25.0054,45.7302,1.8426,1.7932,566000000.0,22764032.0,-0.030019961740301,615,True,Healthcare
hon,Honeywell International Inc,USD,NASDAQ NMS - GLOBAL MARKET,Industrial Conglomerates,A,High,BB,Medium,BB,Medium,545,344,308,1197,BBB,High,35466000000.0,23825000000.0,5214000000.0,11641000000.0,,35466000000.0,766000000.0,28.1631,13.3432,13.6929,17.582440280492,28.8230160278232,8.57250389855483,-107.458781977605,4.0358398915629,142787648000.0,7.9759,44.3569,55.6431,53.9609,72.1782,3.5943,1.253,4967000000.0,53252393.0,0.0081713517039807,1197,True,Industrials
hst,Host Hotels & Resorts Inc,USD,NASDAQ NMS - GLOBAL MARKET,Real Estate,A,High,BB,Medium,BB,Medium,510,318,318,1146,BBB,High,,3378000000.0,771000000.0,,,4907000000.0,197000000.0,9.6266,,,,20.9319946288152,1.97465761550522,-167.720918987848,2.70021450989199,12416460000.0,5.2409,,,44.5455,43.9319,1.7835,,643000000.0,31470576.0,-0.0025849929123572,1146,True,Real_Assets
gd,General Dynamics Corp,USD,"NEW YORK STOCK EXCHANGE, INC.",Aerospace and Defense,A,High,BB,Medium,BB,Medium,510,310,300,1120,BBB,High,39407000000.0,32785000000.0,2411000000.0,6622000000.0,2411000000.0,39407000000.0,1114000000.0,18.7246,11.6495,11.6639,14.3616707930317,28.3374848311268,5.17363601774666,-266.10546697374,2.43774135502626,57875637987.21,6.5717,46.4639,53.5361,36.1134,64.005,2.7782,1.373,3390000000.0,50135196.0,0.117294329556007,1120,True,Industrials
has,Hasbro Inc,USD,NASDAQ NMS - GLOBAL MARKET,Leisure Products,B,Medium,BB,Medium,BB,Medium,255,301,300,856,BB,Medium,5856700000.0,1911800000.0,3515100000.0,3944900000.0,,5856700000.0,174200000.0,6.9469,2.9385,2.9928,10.2425326854466,63.0216889399509,4.52729232536007,-25.3406712098004,2.18978498118053,14068092668.0,2.1838,34.0333,65.9667,58.3387,69.2133,3.2482,1.3696,203000000.0,25571524.0,-0.158252719986338,856,True,Consumer
hban,Huntington Bancshares Inc,USD,NASDAQ NMS - GLOBAL MARKET,Banking,BB,Medium,BB,Medium,BB,Medium,308,300,300,908,BBB,High,,,,,,,214000000.0,12.0881,,,,14.0450207121537,2.0195808502827,26.5928564752961,4.51295855761665,22169984292.24,1.2296,,,90.3039,90.2852,10.2935,,2249000000.0,36782992.0,0.186382152253737,908,True,Financials
gl,Globe Life Inc,USD,"NEW YORK STOCK EXCHANGE, INC.",Insurance,B,Medium,B,Medium,B,Medium,215,238,215,668,B,Medium,,,1352744000.0,,,5214906000.0,27929000.0,10.9273,,,,14.7556774655808,2.22940023092976,27562.7112222222,2.09300678554896,9331450917.36,2.8966,,,80.8285,80.8285,5.2161,,739704000.0,30538216.0,0.019474591024432,668,True,Financials
gpc,Genuine Parts Co,USD,"NEW YORK STOCK EXCHANGE, INC.",Distributors,A,High,B,Medium,BB,Medium,535,225,305,1065,BBB,High,22095973000.0,14355869000.0,6125905000.0,7740104000.0,,22095973000.0,339632000.0,32.4869,18.1684,16.6129,14.3813647645672,12.2506495980303,3.82255090877576,-236.599097459747,0.65572380678778,19933731756.6,7.1699,60.5638,39.4362,46.7585,76.9363,4.3358,1.1471,1182701000.0,25201038.0,0.0640091351548884,1065,True,Industrials
gnrc,Generac Holdings Inc,USD,"NEW YORK STOCK EXCHANGE, INC.",Electrical Equipment,A,High,BB,Medium,B,Medium,535,311,250,1096,BBB,High,4564737000.0,3042733000.0,954215000.0,1522004000.0,194861000.0,4564737000.0,86188000.0,17.8702,11.61,10.8319,29.1419267335236,29.0807398861583,5.14658967449447,-794.869577586207,2.54512225917944,22423985553.12,7.9093,35.4335,64.5665,38.7943,54.1591,2.1815,2.1999,408870000.0,13448581.0,0.223215151223572,1096,True,Industrials
gpn,Global Payments Inc,USD,"NEW YORK STOCK EXCHANGE, INC.",Technology,BB,Medium,BB,Medium,B,Medium,310,343,265,918,BBB,High,8975515000.0,3778617000.0,4357653000.0,5196898000.0,,8975515000.0,615652000.0,0.4652,0.3009,0.3054,14.5832249728604,175.658524303678,0.878099427515566,211.536630376959,2.18201360592568,38492566101.36,0.3198,30.9792,69.0208,38.9099,49.6972,1.988,0.9153,143313000.0,57432237.0,-0.0198315065566308,918,True,Tech
hca,HCA Healthcare Inc,USD,"NEW YORK STOCK EXCHANGE, INC.",Health Care,A,High,BB,Medium,BB,Medium,520,348,305,1173,BBB,High,60233000000.0,,51180000000.0,,,60233000000.0,4395000000.0,,16.3653,15.9781,8.63329658271061,19.0297086211448,-38.8090515898518,-197.761778543499,1.78282080834626,78483099456.0,13.0325,18.857,81.143,107.8348,100.1392,-718.3288,1.3778,6834000000.0,33781455.0,-0.0039310503609224,1173,True,Healthcare
hii,Huntington Ingalls Industries Inc,USD,"NEW YORK STOCK EXCHANGE, INC.",Aerospace and Defense,A,High,BB,Medium,BB,Medium,545,315,315,1175,BBB,High,10676000000.0,9236000000.0,924000000.0,1440000000.0,924000000.0,10676000000.0,284000000.0,18.3897,9.264,9.0554,11.0894907908992,26.1691565269257,4.34277490085698,-94.6996351818125,1.41925268163076,7469600000.0,5.333,39.2915,60.7085,45.4332,67.8641,3.1118,0.9485,579000000.0,25301295.0,0.0775125799852655,1175,True,Industrials
hpe,Hewlett Packard Enterprise Co,USD,"NEW YORK STOCK EXCHANGE, INC.",Technology,B,Medium,BB,Medium,B,Medium,230,359,230,819,BB,Medium,28496000000.0,18990000000.0,7279000000.0,9506000000.0,,28496000000.0,3122000000.0,4.358,2.6404,2.6849,4.82689963347186,38.3228479392051,1.6745988728972,77.1791926014617,1.16732987125316,20397547333.39,1.5195,62.2723,37.7277,38.5567,65.1471,2.8692,0.8849,868000000.0,46996770.0,0.126855967415348,819,True,Tech
hlt,Hilton Worldwide Holdings Inc,USD,"NEW YORK STOCK EXCHANGE, INC.",Hotels Restaurants and Leisure,B,Medium,B,Medium,B,Medium,293,200,205,698,B,Medium,8773000000.0,,6679000000.0,,382000000.0,8773000000.0,102000000.0,,16.1001,16.416,64.0884503692337,55.1213388410358,-62.7743014931942,-306.094160378319,7.88524794773737,43535406493.91,8.1034,20.301,79.699,114.4147,107.0784,-14.1275,0.8511,1257000000.0,47828545.0,-0.0970268731151457,698,True,Consumer
hrl,Hormel Foods Corp,USD,"NEW YORK STOCK EXCHANGE, INC.",Food Products,A,High,BB,Medium,BB,Medium,570,322,300,1192,BBB,High,12458806000.0,10294120000.0,879265000.0,2164686000.0,,12458806000.0,278918000.0,13.7852,9.4645,9.2295,21.6085152983816,12.5741575939987,1.66868217972276,34.1149722580356,1.0092455191894,26482839210.69,7.5166,25.5478,74.4522,30.4519,43.3361,1.7648,2.4687,1000226000.0,20271441.0,0.0667796911857577,1192,True,Consumer
hpq,HP Inc,USD,"NEW YORK STOCK EXCHANGE, INC.",Technology,B,Medium,B,Medium,B,Medium,245,211,200,656,B,Medium,62983000000.0,50648000000.0,7108000000.0,12335000000.0,,62983000000.0,791000000.0,,45.9607,39.5627,5.30124864965405,5.51642517785826,-6.05521242106923,-15.3111870404506,0.28053776169252,40786158797.53,8.3007,63.0117,36.9883,136.0425,107.5621,-13.2238,0.7571,3203000000.0,59217187.0,0.129531389474935,656,True,Tech
hum,Humana Inc,USD,"NEW YORK STOCK EXCHANGE, INC.",Health Care,BBB,High,BB,Medium,BB,Medium,462,300,300,1062,BBB,High,92870000000.0,12671000000.0,76399000000.0,80199000000.0,,92870000000.0,1120000000.0,17.8777,10.0872,10.4956,16.7059474546939,7.52714813270848,1.37947734703024,12.6701725617157,0.227427346402283,59746088298.24,6.508,62.048,37.952,42.7305,64.3015,2.8012,1.5242,2802000000.0,34071402.0,-0.0573072728062118,1062,True,Healthcare
hwm,Howmet Aerospace Inc,USD,"NEW YORK STOCK EXCHANGE, INC.",Aerospace and Defense,A,High,BB,Medium,BB,Medium,525,315,320,1160,BBB,High,5663000000.0,4103000000.0,585000000.0,1560000000.0,,5663000000.0,193000000.0,13.1945,6.0504,6.0157,20.0761862399054,197.059048874478,26.0633654602735,1320.295627459,16.3200942825587,13422453558.96,4.5734,22.2723,77.7277,53.6133,64.8854,2.8478,2.1208,469000000.0,13583131.0,0.157794497022347,1160,True,Industrials
gis,General Mills Inc,USD,"NEW YORK STOCK EXCHANGE, INC.",Food Products,A,High,BB,Medium,BB,Medium,585,326,365,1276,A,High,18992800000.0,12590600000.0,3147000000.0,6402200000.0,,18992800000.0,568700000.0,26.2619,12.0727,12.2155,13.0846366867666,7.10050510558859,1.8234175778153,-20.5419934519769,1.01213077968283,40644067446.0,8.797,39.5028,60.4972,52.432,65.3009,2.8819,0.6346,2735000000.0,28277868.0,-0.0392197341118624,1276,True,Consumer
ge,General Electric Co,USD,"NEW YORK STOCK EXCHANGE, INC.",Industrial Conglomerates,A,High,BB,Medium,BB,Medium,533,300,300,1133,BBB,High,76555000000.0,55535000000.0,15061000000.0,21020000000.0,,76555000000.0,1484000000.0,0.5869,0.312,-0.0931,-132.856701792043,1324.5653141088,8.19656753780198,133.464933127846,3.8929814600546,103825100812.11,0.1555,37.9126,62.0874,47.0778,79.987,4.9968,1.1631,292000000.0,37063622.0,-0.0470834705083135,1133,True,Industrials
spot,Spotify Technology SA,EUR,"NEW YORK STOCK EXCHANGE, INC.",Media,A,High,B,Medium,B,Medium,500,283,255,1038,BBB,High,12498685969.0434,9380142850.98929,3820908092.35275,3118543118.05416,667193435.373173,12498685969.0434,26645105.2465325,-19.0265,-12.5547,-12.1848,92.1691359889874,-214.763032001623,38.462350587546,-353.824152339839,7.87482764225276,44969288328.33,-5.6312,67.1633,32.8367,31.9637,68.5568,3.1803,1.2378,-458295810.240358,46438432.3369612,0.415388836383241,1038,True,Consumer
trtx,TPG RE Finance Trust Inc,USD,"NEW YORK STOCK EXCHANGE, INC.",Real Estate,B,Medium,B,Medium,BB,Medium,230,239,300,769,BB,Medium,,,,,4399000.0,,,-4.3109,,,,-10.5139955901841,0.477715122315785,-93.9223169422962,4.35678669867682,950905549.44,-1.0832,,,76.1594,76.1594,4.1945,,-60066000.0,8663004.0,-0.020764326934567,769,True,Real_Assets
tru,TransUnion,USD,"NEW YORK STOCK EXCHANGE, INC.",Professional Services,A,High,BB,Medium,BB,Medium,510,313,310,1133,BBB,High,3709900000.0,1222900000.0,1856500000.0,2487000000.0,,3709900000.0,298200000.0,6.6724,2.6797,2.7388,25.6829121101661,48.8543942201113,3.15745203537735,-10.47351781268,3.5489525977304,22743644000.0,2.4404,12.2416,87.7584,57.623,63.404,2.7325,1.6015,284700000.0,28529292.0,0.0616835281950829,1133,True,Industrials
yeti,Yeti Holdings Inc,USD,"NEW YORK STOCK EXCHANGE, INC.",Leisure Products,B,Medium,B,Medium,BB,Medium,269,253,305,827,BB,Medium,1595222000.0,831821000.0,637040000.0,763401000.0,,1595222000.0,56910000.0,17.1776,14.2262,14.4009,23.6630254250413,30.3810900739188,5.17585974695951,-35.1845252556554,1.70820808138303,7259379073.98,8.3299,74.332,25.668,15.4701,51.1057,2.0452,1.7576,89693000.0,16249127.0,0.165215396343718,827,True,Consumer
yelp,Yelp Inc,USD,"NEW YORK STOCK EXCHANGE, INC.",Media,B,Medium,A,High,B,Medium,245,515,213,973,BBB,High,1193506000.0,105705000.0,1029448000.0,1087801000.0,164108000.0,1193506000.0,31979000.0,4.9734,4.9734,5.117,23.3091021353229,40.5273082166341,2.07376643862519,-8.49003228618525,1.23421756719279,2615477040.0,3.5777,59.825,40.175,0.0,30.0809,1.4302,3.2599,36347000.0,35783722.0,0.0534495596394745,973,True,Consumer
yext,Yext Inc,USD,"NEW YORK STOCK EXCHANGE, INC.",Technology,BB,Medium,BB,Medium,BB,Medium,325,314,310,949,BBB,High,390577000.0,98299000.0,382237000.0,292278000.0,83420000.0,390577000.0,13418000.0,-44.5039,-44.5039,-44.0171,-14.7441899433736,-5.63431138313728,2.48005968414594,17.0606268151563,1.34531794058534,1286654930.56,-15.0337,71.1699,28.8301,0.0,65.8459,2.9279,1.4116,-93259000.0,21114239.0,0.441543368265084,949,True,Tech
ysg,Yatsen Holding Ltd,CNY,"NEW YORK STOCK EXCHANGE, INC.",Consumer products,BB,Medium,B,Medium,BB,Medium,355,217,325,897,BB,Medium,532137093.300405,170486460.098211,495024839.904661,361650633.202194,103438675.587973,532137093.300405,8518507.88272119,-15.7125,-15.279,-16.9903,-4.74045417709164,-2.41321658586608,0.416927853088185,-1.24246490505292,0.530923380513164,1358129907.35,-14.0096,73.5395,26.4605,1.6584,13.6479,1.158,5.9625,-117929672.917325,0.0,0.884695755488304,897,True,Consumer
yrd,Yiren Digital Ltd,CNY,"NEW YORK STOCK EXCHANGE, INC.",Financial Services,B,Medium,B,Medium,B,Medium,200,205,205,610,B,Medium,,111541366.33834,,,60838813.4279068,493153949.975591,126640.438790455,22.0207,,,,0.856190515455543,0.169635042139904,0.722814690192178,0.300158969143396,243094174.18,13.9979,,,29.3493,29.3493,1.4154,,171563478.160986,0.0,0.932635614693712,610,True,Financials
yumc,Yum China Holdings Inc,USD,"NEW YORK STOCK EXCHANGE, INC.",Hotels Restaurants and Leisure,B,Medium,B,Medium,B,Medium,205,217,220,642,B,Medium,9569000000.0,7829000000.0,1082000000.0,1740000000.0,594000000.0,9569000000.0,679000000.0,6.5298,6.4905,6.775,10.3538529102687,39.7503591083484,2.71053050383986,-2928.276454315,1.83610186287909,20999151352.7926,4.0419,46.4209,53.5791,0.6438,39.4554,1.6517,1.819,478000000.0,17488000.0,0.261406061761433,642,True,Consumer
trox,Tronox Holdings PLC,USD,"NEW YORK STOCK EXCHANGE, INC.",Chemicals,A,High,BB,Medium,BB,Medium,503,320,300,1123,BBB,High,3454000000.0,2622000000.0,289000000.0,832000000.0,,3454000000.0,428000000.0,22.8453,10.5018,10.1532,7.29813736575721,2.8917748731992,0.609763305888842,-21.135472235,0.416100785170816,3699050288.31,7.929,21.7781,78.2219,51.8488,61.8934,2.6242,2.3059,500000000.0,18543726.0,0.345733312417871,1123,True,Energy_Materials
zepp,Zepp Health Corp,CNY,"NEW YORK STOCK EXCHANGE, INC.",Electrical Equipment,B,Medium,B,Medium,B,Medium,202,210,295,707,B,Medium,594845647.99127,479531631.393045,174217901.961347,115314016.598225,33875886.6266548,594845647.99127,1424345.97823278,-10.3098,-7.3231,-7.4523,8.68535723125879,-4.04375094105089,0.436234293417416,-2.1742781062861,0.281410712283562,317141463.2375,-5.4863,64.6089,35.3911,30.9199,49.0299,1.9619,1.773,-41495706.8604084,0.0,0.738193632528479,707,True,Industrials
zim,ZIM Integrated Shipping Services Ltd,USD,"NEW YORK STOCK EXCHANGE, INC.",Marine,BB,Medium,BB,Medium,BB,Medium,329,351,320,1000,BBB,High,12561600000.0,4764500000.0,1709500000.0,7797100000.0,338300000.0,,345500000.0,88.143,84.4939,76.007,0.734778101959045,0.684463624334329,0.536846520349429,-6.06640688075595,0.251704501516527,7048084045.68,39.8183,46.4656,53.5344,3.0933,49.2839,1.9718,1.6045,4629000000.0,0.0,0.907873697967274,1000,True,Transport
zyme,Zymeworks Inc,USD,"NEW YORK STOCK EXCHANGE, INC.",Biotechnology,B,Medium,BB,Medium,BB,Medium,240,326,305,871,BB,Medium,412482000.0,,281954000.0,,73358000.0,,13125000.0,33.5128,33.5128,25.2235,-2.51948551431136,14.6442267380028,3.69379376015304,9.14807102328619,4.41444183462551,764330194.65,19.167,61.389,38.611,0.0,24.0116,1.316,5.6963,124341000.0,12641112.0,0.270958327028415,871,True,Healthcare
zws,Zurn Elkay Water Solutions Corp,USD,"NEW YORK STOCK EXCHANGE, INC.",Building,A,High,BB,Medium,BB,Medium,500,300,300,1100,BBB,High,1281800000.0,816300000.0,343000000.0,465500000.0,,1281800000.0,7600000.0,7.0863,4.3809,2.8686,40.7267934965358,121.678616567909,4.64865055247059,266.225909299291,5.85705308335154,4576210475.2,2.1543,23.1625,76.8375,24.9152,43.6103,1.7734,2.6184,61700000.0,7974947.0,0.239631419896222,1100,True,Industrials
you,Clear Secure Inc,USD,"NEW YORK STOCK EXCHANGE, INC.",Technology,A,High,B,Medium,B,Medium,515,278,205,998,BBB,High,437434000.0,,566498000.0,,278174000.0,437434000.0,31907000.0,-23.0616,-23.0616,-22.5286,-42.3067907392636,-108.571720677718,24.4597373095357,-29.634174873669,16.2753088237311,4633918679.2,-11.1262,75.4797,24.5203,0.0,50.7554,2.0307,1.8658,-115436000.0,9836360.0,0.7403669697112,998,True,Tech
plxs,Plexus Corp,USD,NASDAQ NMS - GLOBAL MARKET,Electrical Equipment,A,High,BB,Medium,BB,Medium,510,300,300,1110,BBB,High,3811368000.0,3464139000.0,167023000.0,347229000.0,,3811368000.0,101612000.0,13.0175,9.7387,8.8761,11.3867781396977,38.7856665380526,4.8933971013141,1081.6717569538,1.40680377733664,2684816438.8,4.0741,87.3208,12.6792,29.6471,67.7083,3.0968,1.4037,138243000.0,20295213.0,0.163652030178946,1110,True,Industrials
ship,Seanergy Maritime Holdings Corp,USD,NASDAQ NMS - GLOBAL MARKET,Marine,BB,Medium,BB,Medium,BB,Medium,345,300,305,950,BBB,High,125020000.0,4293000.0,90627000.0,120727000.0,17412000.0,,70451000.0,7.3959,3.7008,3.712,,14.6551218748187,1.13956150456249,-19.2136014906077,2.02079384098544,158870468.2208,3.3565,32.4254,67.5746,52.262,56.8343,2.3167,0.6513,17239000.0,0.0,0.284141463056211,950,True,Transport
shls,Shoals Technologies Group Inc,USD,NASDAQ NMS - GLOBAL MARKET,Electrical Equipment,B,Medium,B,Medium,BB,Medium,285,280,300,865,BB,Medium,326940000.0,195629000.0,64981000.0,131311000.0,55908000.0,326940000.0,3154000.0,86.8318,32.719,24.0577,214.063803012168,8.50619191127724,3.72539641831461,-1372.29286471555,3.32013108212516,4054320378.0,24.04,17.9044,82.0956,45.0691,49.4047,1.9765,2.9178,143013000.0,12143646.0,0.124061230671021,865,True,Industrials
shoo,Steven Madden Ltd,USD,NASDAQ NMS - GLOBAL MARKET,Textiles Apparel and Luxury Goods,A,High,B,Medium,BB,Medium,508,231,300,1039,BBB,High,2122009000.0,1248173000.0,592192000.0,873836000.0,,2122009000.0,18351000.0,26.2904,26.2904,25.9828,13.6971998554082,11.203651400299,2.91102566547171,43.8416366356359,1.14074545640476,3743483790.0,17.267,77.4906,22.5094,0.0,32.9196,1.4907,2.6287,217217000.0,12862014.0,-0.0744369223484497,1039,True,Consumer
sibn,SI-BONE Inc,USD,NASDAQ NMS - GLOBAL MARKET,Health Care,B,Medium,B,Medium,B,Medium,220,228,210,658,B,Medium,106409000.0,15705000.0,150313000.0,90704000.0,28960000.0,106409000.0,9507000.0,-52.6431,-40.4509,-45.8939,-14.7485756104776,-9.25757942209743,5.76877667880613,-13.2799935618941,5.3292699403246,747901427.85,-38.8799,35.7435,64.2565,26.3506,37.6066,1.6027,6.4978,-61256000.0,11675386.0,0.186521630784138,658,True,Healthcare
sieb,Siebert Financial Corp,USD,NASDAQ NMS - GLOBAL MARKET,Financial Services,BB,Medium,B,Medium,B,Medium,300,299,235,834,BB,Medium,,,,,,50102000.0,1114000.0,-4.0525,,,,-39.6143342713568,1.61050328300885,-2.56399288362714,1.68312499092598,75175505.2,-0.4107,,,93.2677,93.1433,14.5843,,-2990000.0,600000.0,0.513671479126517,834,True,Financials
pmcb,PharmaCyte Biotech Inc,USD,NASDAQ NMS - GLOBAL MARKET,Biotechnology,B,Medium,B,Medium,BB,Medium,220,202,300,722,B,Medium,,,,,,,,,,,,,,,,51789510.0,,,,,,,,,,4.00946959458247,722,True,Healthcare
www,Wolverine World Wide Inc,USD,"NEW YORK STOCK EXCHANGE, INC.",Textiles Apparel and Luxury Goods,BB,Medium,B,Medium,BB,Medium,390,298,308,996,BBB,High,2684800000.0,1614400000.0,906400000.0,1070400000.0,,2684800000.0,36500000.0,-39.6338,-12.2472,-12.735,28.3159539368282,-7.17061632251726,4.21156286191516,-51.5353837225191,0.502915320891686,2373060771.83,-7.5862,51.5531,48.4469,78.3173,86.4003,7.3531,1.1396,-189100000.0,18314070.0,0.105195305130287,996,True,Consumer
xhr,Xenia Hotels & Resorts Inc,USD,"NEW YORK STOCK EXCHANGE, INC.",Real Estate,B,Medium,B,Medium,B,Medium,260,263,236,759,BB,Medium,,672275000.0,215149000.0,,34250000.0,997607000.0,70376000.0,3.8941,,,,24.899786616895,0.96618255085579,-7.39400208787124,1.39578598304743,2070094825.97,1.8711,,,52.9214,52.598,2.1096,,57630000.0,19096062.0,-0.0164282361679717,759,True,Real_Assets
xpev,Xpeng Inc,CNY,"NEW YORK STOCK EXCHANGE, INC.",Automobiles,B,Medium,B,Medium,B,Medium,215,208,200,623,B,Medium,3855945639.37627,3412504379.28955,1709083364.44304,443441260.086724,238245986.847773,3855945639.37627,671955173.305,-23.1199,-20.4331,-20.0281,-52.7221972076442,-12.8421312852551,3.17967390282106,38.1154885289586,4.37026096351577,40918687816.6715,-12.7834,69.7357,30.2643,19.1102,48.3702,1.9369,1.805,-1312203428.76834,852597.42124458,1.10615556210792,623,True,Consumer
xpo,XPO Logistics Inc,USD,"NEW YORK STOCK EXCHANGE, INC.",Road and Rail,A,High,BB,Medium,BB,Medium,560,318,300,1178,BBB,High,7718000000.0,4945000000.0,2332000000.0,2773000000.0,,7718000000.0,521000000.0,61.9535,16.1376,18.7923,13.7939616252822,33.6649138982432,22.1549729804644,113.811333280355,2.90500552685022,8904450000.0,10.6237,28.6665,71.3335,71.4447,83.8571,6.1947,1.0816,666000000.0,59899615.0,0.285295194686037,1178,True,Transport
xyf,X Financial,CNY,"NEW YORK STOCK EXCHANGE, INC.",Financial Services,B,Medium,B,Medium,B,Medium,215,205,200,620,B,Medium,,,,,24627935.5598311,511580006.748413,869412.457283979,18.6021,,,,1.14319727596915,0.195291895198417,62.2123725421637,0.259818421459979,165107501.405,9.1879,,,46.2159,46.2159,1.8593,,116589099.015019,0.0,0.643344631051699,620,True,Financials
yala,Yalla Group Ltd,USD,"NEW YORK STOCK EXCHANGE, INC.",Media,B,Medium,B,Medium,B,Medium,233,244,220,697,B,Medium,303603522.0,113808128.0,111097794.0,189795394.0,36582626.0,303603522.0,16324493.0,20.5433,20.5433,18.1024,7.92558227538905,12.0684894333206,2.18468475815605,17.2587905186249,3.17039820713938,1003666239.51,15.6097,97.8121,2.1879,0.0,13.1283,1.1511,7.4085,79037845.0,0.0,1.09930943350771,697,True,Consumer
wts,Watts Water Technologies Inc,USD,"NEW YORK STOCK EXCHANGE, INC.",Machinery,BBB,High,BB,Medium,B,Medium,420,303,210,933,BBB,High,1979500000.0,1105200000.0,550500000.0,874300000.0,,1979500000.0,28100000.0,20.3331,18.2029,17.3664,23.0616891423711,38.4834215419483,7.4416273395356,140.677042409884,4.88940667734276,6525823608.55,13.025,60.0825,39.9175,10.192,32.6428,1.4846,2.5102,251500000.0,14362824.0,0.0161564717910993,933,True,Industrials
hain,Hain Celestial Group Inc,USD,NASDAQ NMS - GLOBAL MARKET,Food Products,A,High,BB,Medium,BB,Medium,520,302,305,1127,BBB,High,1891793000.0,1464352000.0,310683000.0,427441000.0,,1891793000.0,39965000.0,5.9763,4.1803,3.9493,27.3873081756192,0.745025359891105,0.0535626605021566,-5.60067186512212,0.0306679218343656,3976748690.0,3.1676,19.5826,80.4174,45.0674,55.9398,2.2696,2.2284,77873000.0,22688513.0,-0.0016546598549245,1127,True,Consumer
mtc,MMTEC Inc,USD,NASDAQ NMS - GLOBAL MARKET,Technology,B,Medium,B,Medium,BB,Medium,221,225,305,751,BB,Medium,1099133.0,231084.0,6760664.0,868049.0,,1099133.0,3792.0,-49.6601,-49.6601,-60.1573,-0.870640777391459,-31.0074483612783,18.6532563413282,-23.7169489304803,159.260712579824,20707337.0,-49.4536,57.7958,42.2042,0.0,17.793,1.2164,7.6966,-5645376.0,431398.0,0.599405909431829,751,True,Tech
mtls,Materialise NV,EUR,NASDAQ NMS - GLOBAL MARKET,Technology,A,High,BB,Medium,BB,Medium,505,301,300,1106,BBB,High,247291090.184648,110049613.689228,143708776.440858,137241476.49542,37455557.3471556,247291090.184648,26403167.6908939,-0.92,-0.6794,-0.7032,,-128.957262296291,1.19575930683199,-4.96331159998232,1.17995314195155,1409846246.27,-0.5233,58.1976,41.8024,24.1584,44.3352,1.7965,2.0394,-2293610.65962151,0.0,0.229971887252414,1106,True,Tech
mtex,Mannatech Inc,USD,NASDAQ NMS - GLOBAL MARKET,Consumer products,B,Medium,B,Medium,B,Medium,200,260,230,690,B,Medium,137208000.0,33060000.0,104553000.0,104148000.0,,137208000.0,1063000.0,-23.2715,-23.1545,-31.5375,,-2.94241948775056,0.931959897009029,-1.26607220891231,0.0962878512914699,74367125.84,-9.1394,85.3685,14.6315,0.4285,71.1448,3.4656,1.1714,-4490000.0,2392044.0,0.444002137424005,690,True,Consumer
mtrx,Matrix Service Co,USD,NASDAQ NMS - GLOBAL MARKET,Construction,A,High,BB,Medium,B,Medium,589,390,277,1256,A,High,707780000.0,708986000.0,67690000.0,-1206000.0,,707780000.0,3345000.0,-24.9004,-24.1933,-26.3282,-6.95237326881362,-4.99620339201878,1.40205965916577,-49.0636847625634,0.45106868907005,201340292.0,-14.4966,83.4331,16.5669,6.1803,48.3417,1.9358,1.6166,-63900000.0,7423744.0,0.137622496057836,1256,True,Industrials
halo,Halozyme Therapeutics Inc,USD,NASDAQ NMS - GLOBAL MARKET,Biotechnology,A,High,BB,Medium,BB,Medium,510,302,315,1127,BBB,High,660116000.0,139304000.0,253281000.0,520812000.0,,660116000.0,4810000.0,110.2268,14.7028,12.0609,22.970066041474,37.0963020991545,44.1597571643953,64.9333060289584,11.3589709187476,5528794580.0,10.9763,7.8237,92.1763,89.8682,90.7794,10.8453,5.6504,202129000.0,21644445.0,0.117044648422743,1127,True,Healthcare
mvbf,MVB Financial Corp,USD,NASDAQ NMS - GLOBAL MARKET,Banking,B,Medium,B,Medium,B,Medium,210,215,215,640,B,Medium,,,,,,,3041000.0,5.6207,,,,21.7338299315478,1.25258131091909,-1.22410769315421,2.53286970413743,501850164.0,0.4688,,,91.4916,91.4824,11.7405,,14387000.0,4555091.0,-0.117212239586577,640,True,Financials
mvst,Microvast Holdings Inc,USD,NASDAQ NMS - GLOBAL MARKET,Machinery,B,Medium,B,Medium,B,Medium,225,282,210,717,B,Medium,204495000.0,195422000.0,170691000.0,9073000.0,104572000.0,204495000.0,150880000.0,-35.424,,-22.4952,,-3.04328553539823,0.785425508134889,-2.06194547008035,2.35432539524194,1691451470.56,-16.0616,67.8555,32.1445,12.8378,37.7661,1.6068,2.1595,-158200000.0,8530040.0,0.639107276907101,717,True,Industrials
mvis,MicroVision Inc,USD,NASDAQ NMS - GLOBAL MARKET,Electrical Equipment,BBB,High,BB,Medium,BB,Medium,451,300,330,1081,BBB,High,664000.0,100000.0,54454000.0,564000.0,,664000.0,4359000.0,-52.4369,-52.318,-59.1464,-16.7495358922753,-3.55138556111205,2.10100857829755,-3.05165672614712,283.955739194277,823458630.0,-46.1677,45.2425,54.7575,0.0234,21.9616,1.2814,7.965,-53091000.0,15952782.0,0.410198698029947,1081,True,Industrials
mxct,MaxCyte Inc,USD,NASDAQ NMS - GLOBAL MARKET,Life Sciences Tools and Services,B,Medium,BB,Medium,B,Medium,220,300,248,768,BB,Medium,44261500.0,5098400.0,66523600.0,39163100.0,25828700.0,44261500.0,18477200.0,-9.1207,-9.1207,-9.281,,-3.24971030217048,0.301606946056026,-2.08614024272762,1.73058462976628,,-8.2228,47.1958,52.8042,0.0,11.4027,1.1287,16.3528,-23570800.0,3852219.0,0.406208676532599,768,True,Healthcare
mygn,Myriad Genetics Inc,USD,NASDAQ NMS - GLOBAL MARKET,Biotechnology,BB,Medium,BB,Medium,B,Medium,353,321,294,968,BBB,High,678400000.0,202000000.0,600100000.0,476400000.0,,678400000.0,45300000.0,-12.0846,-12.0846,-12.6439,164.896551724138,-3.85721180625,0.487703457100926,-2.24536238201663,0.6368038359375,2208000000.0,-9.3435,43.8479,56.1521,0.0,26.1033,1.3532,2.0015,-112000000.0,28680178.0,0.125967792642817,968,True,Healthcare
myfw,First Western Financial Inc,USD,NASDAQ NMS - GLOBAL MARKET,Banking,BB,Medium,BB,Medium,B,Medium,351,300,235,886,BB,Medium,,,,,,,2967000.0,9.4359,,,,11.0460844511015,0.995075812159559,-1.25834347706475,2.20950201353295,285969067.56,0.7569,,,91.598,91.598,11.9019,,21698000.0,3599740.0,-0.0418742081685228,886,True,Financials
mxl,Maxlinear Inc,USD,NASDAQ NMS - GLOBAL MARKET,Semiconductors,A,High,BB,Medium,BB,Medium,535,325,335,1195,BBB,High,1120252000.0,470483000.0,464450000.0,649769000.0,,1120252000.0,52437000.0,21.4554,15.6938,15.6664,38.2111866563826,11.8642173224568,2.19328006091205,26.2014824352249,1.32425716178146,5788293420.0,10.5964,67.7242,32.2758,15.2551,42.6805,1.7446,1.651,125040000.0,25599196.0,0.192834825706248,1195,True,Tech
myps,Playstudios Inc,USD,NASDAQ NMS - GLOBAL MARKET,Media,B,Medium,B,Medium,B,Medium,205,202,200,607,B,Medium,290309000.0,85400000.0,232990000.0,204909000.0,40274000.0,290309000.0,11979000.0,-5.8711,-5.8711,-5.8823,7.12509347627141,-3.10181127821515,0.182458279863916,-0.693812859556992,0.190002755548398,498474200.0,-5.0519,68.7198,31.2802,0.0,14.1178,1.1644,5.153,-17783000.0,6925385.0,0.167195887437998,607,True,Consumer
mtsi,MACOM Technology Solutions Holdings Inc,USD,NASDAQ NMS - GLOBAL MARKET,Semiconductors,BB,Medium,BB,Medium,B,Medium,377,309,255,941,BBB,High,675170000.0,268989000.0,273507000.0,406181000.0,,675170000.0,26513000.0,66.9396,36.8045,31.0218,48.6150231240993,38.9590643247605,20.3385058700822,-468.504445674457,25.3865473066043,5458214700.0,27.9902,13.334,86.666,40.5767,46.3838,1.8651,8.3638,439955000.0,23252138.0,0.375656709795432,941,True,Tech
clro,Clearone Inc,USD,NASDAQ NMS - GLOBAL MARKET,Communications,BB,Medium,B,Medium,B,Medium,370,228,210,808,BB,Medium,25205000.0,15748000.0,16679000.0,9457000.0,6772000.0,25205000.0,925000.0,32.7236,30.5934,26.4006,,0.424589258610625,0.117737175232699,-100.320193103448,0.346274818488395,28909062.54,24.5445,84.4075,15.5925,4.7931,11.4866,1.1298,9.5353,20556000.0,978077.0,0.225815712355906,808,True,Tech
gure,Gulf Resources Inc,USD,NASDAQ NMS - GLOBAL MARKET,Chemicals,BBB,High,B,Medium,BB,Medium,408,206,300,914,BBB,High,66094486.0,28669152.0,6090950.0,37425334.0,6028079.0,66094486.0,37560932.0,3.6039,3.5803,3.6808,-2.00338970122634,0.647128514978453,0.0239665707974176,0.522496391550139,0.0984916796236225,45343430.92,3.4399,56.5785,43.4215,0.6129,7.1173,1.0766,10.1416,10059450.0,248220.0,0.148489307344023,914,True,Energy_Materials
gyro,Gyrodyne LLC,USD,NASDAQ NMS - GLOBAL MARKET,Real Estate,B,Medium,B,Medium,B,Medium,240,206,240,686,B,Medium,,,,,,,,,,,,,,,,17050820.0,,,,,,,,,,-0.0709305233817181,686,True,Real_Assets
gwrs,Global Water Resources Inc,USD,NASDAQ NMS - GLOBAL MARKET,Utilities,BB,Medium,B,Medium,B,Medium,367,297,235,899,BB,Medium,44728000.0,10889000.0,26020000.0,33839000.0,16130000.0,44728000.0,33984000.0,14.7965,3.6987,3.5571,24.6361668357154,38.596649302579,4.78697912015137,-36.1355468559769,4.75123303210517,387307612.8,1.7042,5.8305,94.1695,71.3195,86.2594,7.2777,0.8713,5506000.0,3091586.0,0.0710260465628904,899,True,Real_Assets
clsk,CleanSpark Inc,USD,NASDAQ NMS - GLOBAL MARKET,Technology,A,High,BB,Medium,BB,Medium,570,326,310,1206,A,High,131524445.0,41233650.0,104539719.0,90290795.0,10422716.0,131524445.0,19510904.0,-16.1545,-15.6574,-13.5461,-39.196974592039,-41.4905523365397,5.88723480057097,981.941981419701,18.0841066533297,394833070.24,-12.6653,70.0241,29.9759,5.0883,10.7402,1.1203,1.4916,-57326354.0,52624031.0,0.731319393817941,1206,True,Tech
hafc,Hanmi Financial Corp,USD,NASDAQ NMS - GLOBAL MARKET,Banking,B,Medium,B,Medium,B,Medium,250,207,233,690,B,Medium,,,,,,,1926000.0,15.8313,,,,7.76250930400221,1.23459348936103,-3.06798002826026,2.90420635461291,794719767.68,1.3742,,,91.3596,91.3596,11.5735,,101394000.0,5432544.0,-0.0907865591368,690,True,Financials
clst,Catalyst Bancorp Inc,USD,NASDAQ NMS - GLOBAL MARKET,Financial Services,B,Medium,BB,Medium,B,Medium,260,350,267,877,BB,Medium,,,,,,,252000.0,0.2588,,,,378.45672,0.769968686845853,-2.48512365387422,7.75437787137166,72314300.0,0.0684,,,66.4011,66.4011,2.9763,,180000.0,3140465.0,0.260465916602994,877,True,Financials
clwt,Euro Tech Holdings Company Ltd,USD,NASDAQ NMS - GLOBAL MARKET,Trading Companies and Distributors,B,Medium,B,Medium,B,Medium,230,201,210,641,B,Medium,14949000.0,10331000.0,4490000.0,4618000.0,,14949000.0,7000.0,2.6685,2.5857,2.6157,8.65365994513138,24.000936097561,0.643068938425791,-239.360687027027,0.59243731487056,16448835.969,2.7837,98.0908,1.9092,2.3747,23.5346,1.3078,2.1141,539000.0,0.0,0.712345419951655,641,True,Industrials
cmco,Columbus McKinnon Corp,USD,NASDAQ NMS - GLOBAL MARKET,Machinery,B,Medium,BB,Medium,B,Medium,200,323,240,763,BB,Medium,906555000.0,590825000.0,241949000.0,315730000.0,102128000.0,906555000.0,13104000.0,4.5527,2.8752,2.3099,40.7579491620795,14.09837408294,0.541092329222324,-4.82098499256373,0.461260238264639,1318049172.0,1.7595,27.3434,72.6566,39.8142,54.1556,2.1813,1.8692,29660000.0,11198896.0,-0.0125713339645679,763,True,Industrials
hbcp,Home Bancorp Inc,USD,NASDAQ NMS - GLOBAL MARKET,Financial Services,B,Medium,B,Medium,B,Medium,230,202,200,632,B,Medium,,,,,,,2706000.0,9.9939,,,,13.9675185659779,1.4423261805585,-0.925802351908988,3.82603443003578,353951909.57,1.0554,,,89.7793,89.7793,9.784,,34072000.0,2747830.0,0.101048495817816,632,True,Financials
hbio,Harvard Bioscience Inc,USD,NASDAQ NMS - GLOBAL MARKET,Life Sciences Tools and Services,B,Medium,B,Medium,BB,Medium,250,221,300,771,BB,Medium,113335000.0,52516000.0,67985000.0,60819000.0,24493000.0,113335000.0,1590000.0,-12.2297,-7.5893,-7.9937,42.4841226388352,-2.38261709016393,0.313943287593464,-6.84364148204045,0.200052801252923,290057275.8,-6.5465,31.787,68.213,39.3334,50.3165,2.0127,2.199,-9516000.0,4029656.0,0.340120143846031,771,True,Healthcare
hbnc,Horizon Bancorp Inc,USD,NASDAQ NMS - GLOBAL MARKET,Banking,B,Medium,BB,Medium,B,Medium,255,321,233,809,BB,Medium,,,,,,,6429000.0,13.3384,,,,8.9610307215656,1.23569951303192,-1.78090769131261,3.36447919946942,907974590.7,1.1865,,,91.3957,91.3957,11.6221,,93408000.0,4799594.0,0.0511693292745385,809,True,Financials
hbt,HBT Financial Inc,USD,NASDAQ NMS - GLOBAL MARKET,Banking,B,Medium,B,Medium,BB,Medium,245,275,300,820,BB,Medium,,,,,,,1047000.0,14.3743,,,,14.8819492794389,2.24867069340956,-2.84700001870495,4.62623590267109,542908922.53,1.317,,,91.284,91.284,11.4731,,56456000.0,3266482.0,-0.115082782856394,820,True,Financials
hcat,Health Catalyst Inc,USD,NASDAQ NMS - GLOBAL MARKET,Health Care,A,High,BB,Medium,BB,Medium,545,324,320,1189,BBB,High,276236000.0,143049000.0,273192000.0,133187000.0,61701000.0,276236000.0,17414000.0,-29.0153,-20.2873,-21.0892,-16.2094861282428,-0.589105050835863,0.190453874732359,-1.05239291815641,0.293027705657481,2084886809.6,-18.2647,25.2111,74.7889,34.7677,43.5042,1.77,5.1848,-137403000.0,21645960.0,0.0841574883931816,1189,True,Healthcare
pnbk,Patriot National Bancorp Inc,USD,NASDAQ NMS - GLOBAL MARKET,Banking,B,Medium,BB,Medium,B,Medium,205,302,210,717,B,Medium,,,,,,,414000.0,9.7079,,,,24.0770024233079,2.48960965258547,-17.3454644445744,4.51466694859543,61523450.6,0.5905,,,94.2893,94.2893,17.511,,6161000.0,1588068.0,-0.0202248823802747,717,True,Financials
pnfp,Pinnacle Financial Partners Inc,USD,NASDAQ NMS - GLOBAL MARKET,Banking,B,Medium,BB,Medium,B,Medium,271,328,250,849,BB,Medium,,,,,,,64347000.0,10.3553,,,,11.7149949509043,1.23892118931038,-2.2464900820168,4.93165275960079,7267550000.0,1.3361,,,86.8492,86.8492,7.6041,,560742000.0,38838024.0,0.12957445042319,849,True,Financials
pola,Polar Power Inc,USD,NASDAQ NMS - GLOBAL MARKET,Electrical Equipment,B,Medium,B,Medium,B,Medium,200,200,200,600,B,Medium,16056000.0,13931000.0,7658000.0,2125000.0,4727000.0,16056000.0,25000.0,-26.9557,-26.5917,-30.6174,-47.7077847701863,-0.776081998567335,0.238361029646334,-0.886225333333333,0.269907939711011,45781766.74,-23.0858,99.0511,0.9489,0.3125,24.8346,1.3304,3.9188,-5584000.0,775000.0,0.517809892907217,600,True,Industrials
podd,Insulet Corp,USD,NASDAQ NMS - GLOBAL MARKET,Health Care,B,Medium,B,Medium,B,Medium,215,233,205,653,B,Medium,1305300000.0,499700000.0,768000000.0,805600000.0,,1305300000.0,144400000.0,0.8909,0.2481,0.2449,241.792995049679,3337.83443636522,32.2292997633921,-131.568452504542,11.7628425705049,18406374314.37,0.2043,20.55,79.45,74.6353,78.837,4.7252,3.603,4600000.0,42399502.0,0.222648194206898,653,True,Healthcare
powi,Power Integrations Inc,USD,NASDAQ NMS - GLOBAL MARKET,Semiconductors,A,High,B,Medium,BB,Medium,575,285,305,1165,BBB,High,651138000.0,284231000.0,186495000.0,366907000.0,28897000.0,651138000.0,39211000.0,20.495,20.495,22.6228,24.9344466387365,16.2596367595156,3.67838499184339,-52.6680291970803,4.26633862560625,5565318570.0,20.3371,68.7747,31.2253,0.0,10.1036,1.1124,8.9947,170851000.0,15278979.0,0.300577401938382,1165,True,Tech
poww,Ammo Inc,USD,NASDAQ NMS - GLOBAL MARKET,Leisure Products,B,Medium,B,Medium,B,Medium,233,224,200,657,B,Medium,240269166.0,151505657.0,51614147.0,88763509.0,16986344.0,240269166.0,19218982.0,12.4371,12.2909,8.1507,-239.999581289734,6.984949743493,0.620439021344055,-2.44300104494008,0.966547948811709,629128401.8,8.0273,89.8396,10.1604,0.2308,9.6274,1.1065,3.6203,33247436.0,3737546.0,0.734820393208414,657,True,Consumer
pnrg,Primeenergy Resources Corp,USD,NASDAQ NMS - GLOBAL MARKET,Energy,B,Medium,B,Medium,B,Medium,200,200,260,660,B,Medium,125087000.0,,97211000.0,,20233000.0,125087000.0,15974000.0,40.6475,33.3169,31.6166,,7.62702100115075,2.64448462092011,22.9168529266486,2.96722561097476,139644597.7,19.6911,38.355,61.645,8.8137,43.2084,1.7608,1.762,48664000.0,6733349.0,0.366727404453144,660,True,Energy_Materials
pntg,Pennant Group Inc,USD,NASDAQ NMS - GLOBAL MARKET,Health Care,B,Medium,BB,Medium,B,Medium,245,306,200,751,BB,Medium,473241000.0,414656000.0,38881000.0,58585000.0,33981000.0,473241000.0,14170000.0,5.7463,1.5093,1.5415,122.97312171957,159.461822381454,8.75371769807953,-340.503017062038,2.2384047157368,657756920.0,1.4143,18.1769,81.8231,71.9195,75.4633,4.0755,1.0509,7243000.0,1304070.0,0.0803853464693625,751,True,Healthcare
ppih,Perma-Pipe International Holdings Inc,USD,NASDAQ NMS - GLOBAL MARKET,Machinery,A,High,B,Medium,BB,Medium,500,260,300,1060,BBB,High,138552000.0,106022000.0,24419000.0,32530000.0,24419000.0,,2262000.0,11.6835,8.7491,7.9526,,39.8560282497526,4.43666091136126,173.071091153295,1.74380191733068,70019042.8,4.9124,55.693,44.307,28.5594,55.8699,2.266,2.0415,6062000.0,3143039.0,-0.0096378570676732,1060,True,Industrials
ppc,Pilgrims Pride Corp,USD,NASDAQ NMS - GLOBAL MARKET,Food Products,A,High,BB,Medium,B,Medium,500,302,220,1022,BBB,High,17468377000.0,15656574000.0,604742000.0,1811803000.0,,17468377000.0,487110000.0,27.5358,12.4333,12.1738,15.5963268120891,11.505890981875,3.02117254424612,-558.689575583257,0.491321504001774,6867052218.0,8.0657,40.1433,59.8567,53.637,69.173,3.2439,1.5141,746538000.0,5879618.0,0.0706053731390533,1022,True,Consumer
praa,PRA Group Inc,USD,NASDAQ NMS - GLOBAL MARKET,Financial Services,BBB,High,BB,Medium,BB,Medium,473,321,310,1104,BBB,High,,,,,,966524000.0,13251000.0,9.3195,,,,5.78045863607263,0.551588254281923,-156.968796439499,0.810152321944088,2059011680.0,2.8258,,,70.1777,69.1846,3.2451,,117998000.0,15900355.0,-0.119914676142012,1104,True,Financials
ppsi,Pioneer Power Solutions Inc,USD,NASDAQ NMS - GLOBAL MARKET,Electrical Equipment,B,Medium,BB,Medium,BB,Medium,299,305,315,919,BBB,High,27000000.0,22393000.0,8636000.0,4607000.0,8636000.0,27000000.0,1512000.0,-19.9424,-19.5287,-20.5467,-26.9265966796875,-9.9424318746564,2.13609916494419,-25.7808746685674,1.33965063555556,72304087.5,-9.7861,93.6765,6.3235,4.3658,54.4506,2.1954,1.7422,-3638000.0,2527280.0,0.96323611852137,919,True,Industrials
prax,Praxis Precision Medicines Inc,USD,NASDAQ NMS - GLOBAL MARKET,Biotechnology,B,Medium,B,Medium,B,Medium,200,215,215,630,B,Medium,,,214986000.0,,59946000.0,,444000.0,-130.9374,-130.9374,-281.2249,-4.4100510085441,-39.3879737828519,110.768778293039,-108.511740925614,,892420125.8,-185.9053,88.0145,11.9855,0.0,33.8944,1.5127,3.2273,-214029000.0,14947129.0,0.225343894961485,630,True,Healthcare
prct,Procept Biorobotics Corp,USD,NASDAQ NMS - GLOBAL MARKET,Health Care,B,Medium,B,Medium,BB,Medium,200,224,300,724,B,Medium,75014000.0,37929000.0,117809000.0,37085000.0,,75014000.0,2653000.0,-37.5532,-30.8302,-35.1024,-16.1607938630999,-16.2207381614154,7.17353157079646,-17.7996577026806,18.8458449585411,1092336760.0,-28.1752,31.4368,68.5632,20.6267,36.2905,1.5696,7.7253,-87154000.0,9247434.0,0.48795266469385,724,True,Healthcare
prch,Porch Group Inc,USD,NASDAQ NMS - GLOBAL MARKET,Retail,B,Medium,B,Medium,B,Medium,225,227,215,667,B,Medium,275948000.0,107577000.0,345418000.0,168371000.0,110619000.0,275948000.0,10450000.0,-105.6411,-27.1592,-30.0429,-15.6222311269756,-5.73183454531519,11.3085867526117,-9.32943417072993,3.25195429783872,1527221297.23,-14.9238,53.1749,46.8251,84.7725,92.4358,13.2201,1.1842,-156559000.0,17064728.0,0.532080618459738,667,True,Consumer
pre,Artisan Acquisition Corp,USD,NASDAQ NMS - GLOBAL MARKET,Financial Services,B,Medium,B,Medium,B,Medium,245,203,265,713,B,Medium,275761298.0,144206412.0,155262717.0,131554886.0,,275761298.0,6342704.0,,,-80.3383,,-1.88383301666871,1.51343976577274,3.22149836147559,1.30106102430661,435225328.63,-61.0171,83.2918,16.7082,0.0,21.9998,1.282,4.2278,-190453387.0,0.0,-0.0506925904816364,713,True,Financials
prdo,Perdoceo Education Corp,USD,NASDAQ NMS - GLOBAL MARKET,Diversified Consumer Services,BB,Medium,B,Medium,B,Medium,365,297,250,912,BBB,High,695208000.0,,562577000.0,,426120000.0,695208000.0,12620000.0,13.9346,13.9346,13.2076,3.2687184341534,24.6936438291592,3.26144776497737,-11.4753970206114,3.4051759372303,808484265.12,10.0136,70.5679,29.4321,0.0,24.1833,1.319,3.5201,95867000.0,14238292.0,0.238658350459031,912,True,Consumer
sitm,SiTime Corp,USD,NASDAQ NMS - GLOBAL MARKET,Semiconductors,A,High,BB,Medium,BB,Medium,505,304,300,1109,BBB,High,283605000.0,100643000.0,166820000.0,182962000.0,,283605000.0,35649000.0,3.4682,3.4682,3.2822,144.611690375115,378.506603296207,12.4234876821505,-16.7698549951606,31.0353927224485,6092145500.0,3.098,80.2022,19.7978,0.0,5.6135,1.0595,19.7984,23254000.0,23719413.0,0.431792145014744,1109,True,Tech
siri,Sirius XM Holdings Inc,USD,NASDAQ NMS - GLOBAL MARKET,Media,B,Medium,BB,Medium,B,Medium,240,302,205,747,B,Medium,9003000000.0,4482000000.0,2485000000.0,4521000000.0,525000000.0,9003000000.0,426000000.0,,19.7108,19.882,16.0518966334756,6.3339138723413,-2.2927596320949,-57.3361009488806,0.853386374225258,25190450000.0,12.1034,22.2912,77.7088,154.9254,133.4364,-2.9907,0.3482,1213000000.0,55006028.0,-0.0824214092746494,747,True,Consumer
sj,Scienjoy Holding Corp,CNY,NASDAQ NMS - GLOBAL MARKET,Media,B,Medium,BB,Medium,B,Medium,260,320,240,820,BB,Medium,280455015.363409,239793814.43299,19155299.6582718,40661200.9304195,8759297.01633978,280455015.363409,309134.767251529,19.6273,19.5776,16.5867,4.66242479995263,2.24199934800999,0.373474668961597,-6.60197182162541,0.221912661748462,175197560.88,12.9974,78.2033,21.7967,0.429,22.6056,1.2921,2.4433,28031042.7016627,0.0,0.196030086955211,820,True,Consumer
powl,Powell Industries Inc,USD,NASDAQ NMS - GLOBAL MARKET,Electrical Equipment,A,High,B,Medium,B,Medium,500,240,215,955,BBB,High,532582000.0,447564000.0,77794000.0,85018000.0,,532582000.0,2451000.0,4.591,4.588,4.622,20.5215545243967,463.513997406275,21.4238332414891,-515.153056826052,11.955514422887,346915730.07,2.7843,95.0039,4.9961,0.0,39.7612,1.6601,1.9852,13737000.0,4712848.0,0.0887302023112406,955,True,Industrials
upwk,Upwork Inc,USD,NASDAQ NMS - GLOBAL MARKET,Professional Services,B,Medium,B,Medium,B,Medium,275,264,278,817,BB,Medium,618318000.0,160402000.0,525387000.0,457916000.0,123952000.0,618318000.0,8733000.0,-35.3602,-11.0021,-11.0541,-107.062576618339,-16.2313465369083,5.86210400825301,-25.6736161238496,2.35955379508602,4411097128.48,-8.3208,29.7934,70.2066,69.3928,76.9609,4.3404,3.7583,-89885000.0,19616694.0,0.575113886774131,817,True,Industrials
usau,US Gold Corp,USD,NASDAQ NMS - GLOBAL MARKET,Metals and Mining,BBB,High,B,Medium,BB,Medium,400,240,300,940,BBB,High,,,7720945.0,,7720945.0,,178972.0,-51.4458,-51.4458,-58.8849,,-16.310597886767,9.60448583154453,-50.1160954857117,,63657605.31,-50.6527,29.546,70.454,0.0,13.9803,1.1625,8.714,-13930882.0,1884267.0,0.301117677902625,940,True,Energy_Materials
useg,US Energy Corp,USD,NASDAQ NMS - GLOBAL MARKET,Energy,BBB,High,B,Medium,BB,Medium,438,265,315,1018,BBB,High,44552000.0,20250000.0,20764000.0,24302000.0,11157000.0,44552000.0,19284000.0,-2.0983,-2.0803,-1.2167,,-46.4297860020768,0.57063945580315,-4064.71672,1.00358870353744,15291504.27,-0.8139,28.7594,71.2406,1.0032,33.7779,1.5101,0.7346,-963000.0,5081362.0,-0.173475739428686,1018,True,Energy_Materials
usio,Usio Inc,USD,NASDAQ NMS - GLOBAL MARKET,Technology,B,Medium,B,Medium,B,Medium,285,245,240,770,BB,Medium,69428285.0,54835069.0,19807646.0,14593216.0,,69428285.0,812242.0,-33.6364,,-39.1506,,-5.66740290236947,2.23019480414161,-1.61448761976467,0.447594996189233,111064255.08,-5.6001,97.197,2.803,0.51,85.7689,7.0269,1.0709,-5483244.0,1870932.0,0.50343455937089,770,True,Tech
uthr,United Therapeutics Corp,USD,NASDAQ NMS - GLOBAL MARKET,Biotechnology,B,Medium,B,Medium,BB,Medium,233,259,300,792,BB,Medium,1936300000.0,151600000.0,805000000.0,1784700000.0,,1936300000.0,138800000.0,16.6134,14.0465,12.9952,14.9270473972433,32.09068833436,4.86575304388017,351.499361831024,12.0536888011052,9746894504.4,12.0324,27.5044,72.4956,14.2941,20.6436,1.2601,9.8494,727300000.0,18064822.0,0.0659151807135292,792,True,Healthcare
urgn,Urogen Pharma Ltd,USD,NASDAQ NMS - GLOBAL MARKET,Biotechnology,B,Medium,B,Medium,B,Medium,210,251,290,751,BB,Medium,64357000.0,7654000.0,135744000.0,56703000.0,82838000.0,64357000.0,254000.0,,-1182.1784,-1124.5954,-1.48337486650735,-7.9375933614494,-9.75160094448361,81.9382051716032,13.5402957254067,213623082.45,-80.9496,10.6303,89.3697,1015.3964,165.8912,-1.5177,5.39,-109783000.0,4692506.0,0.565204358524396,751,True,Healthcare
urbn,Urban Outfitters Inc,USD,NASDAQ NMS - GLOBAL MARKET,Retail,BB,Medium,BB,Medium,BB,Medium,335,300,300,935,BBB,High,4548763000.0,3054813000.0,1085384000.0,1493950000.0,,4548763000.0,262429000.0,19.2744,19.2744,17.7928,24.5136096339128,17.897331201902,3.18443607215851,-29.4044082757326,1.22213389191963,2873282988.32,8.1928,47.9795,52.0205,0.0,53.9546,2.1718,1.31,310616000.0,16729017.0,0.119142036386181,935,True,Consumer
utsi,UTStarcom Holdings Corp,USD,NASDAQ NMS - GLOBAL MARKET,Communications,BB,Medium,BB,Medium,BB,Medium,340,310,365,1015,BBB,High,14052000.0,11385000.0,7054000.0,2667000.0,,14052000.0,250000.0,-7.9514,-7.9514,-8.7046,24.6914324693042,-4.48513594562175,0.390412258109425,38.4813893653516,1.59654497580416,31419180.0,-5.6057,90.8235,9.1765,0.0,35.6001,1.5528,2.8353,-5002000.0,0.0,0.362207202985456,1015,True,Tech
uxin,Uxin Ltd,CNY,NASDAQ NMS - GLOBAL MARKET,Retail,B,Medium,B,Medium,B,Medium,203,202,225,630,B,Medium,257729120.06553,250212343.65647,65782584.0395703,7516776.40906084,23790050.7230396,257729120.06553,2938470.7476135,,-285.5152,-84.5382,-6.8168891851968,-30.7957987358087,-2.92112607445344,-45.2738260591934,2.69581538371285,624751479.293333,-11.4469,58.11,41.89,680.4791,178.6125,-1.2721,0.6733,-22561198.4499543,0.0,1.70410695785153,630,True,Consumer
uvsp,Univest Financial Corp,USD,NASDAQ NMS - GLOBAL MARKET,Banking,BB,Medium,BB,Medium,BB,Medium,331,322,305,958,BBB,High,,,,,,,5221000.0,10.0781,,,,12.2155459720942,1.22894842413393,-1.29419835511174,3.3603247061102,882656216.64,1.0817,,,89.2482,89.2482,9.3007,,78120000.0,6134040.0,-0.013576861671999,958,True,Financials
cmcm,Cheetah Mobile Inc,CNY,"NEW YORK STOCK EXCHANGE, INC.",Technology,B,Medium,B,Medium,B,Medium,205,214,215,634,B,Medium,126937081.813744,36263532.7226259,125225712.890905,90673549.0911179,30775206.0419837,126937081.813744,973925.279269448,-16.2686,-16.2686,-16.9278,1.04692704716423,-2.53513297981258,0.429141233452355,-19.0835543131599,1.47243238266064,196284194.813,-10.1313,87.4127,12.5873,0.0,39.5888,1.6553,1.7563,-74762513.2814519,0.0,1.04466038669741,634,True,Tech
cmc,Commercial Metals Co,USD,"NEW YORK STOCK EXCHANGE, INC.",Metals and Mining,B,Medium,B,Medium,B,Medium,223,212,200,635,B,Medium,8913481000.0,7057085000.0,544984000.0,1856396000.0,,8913481000.0,449988000.0,43.6211,29.9584,25.4219,7.12192563831592,5.4193536170849,2.00741867351227,37.0368035226877,0.740089446832276,4408506986.31,19.5167,45.9902,54.0098,31.3694,47.3078,1.8978,2.5361,1217262000.0,26213204.0,0.371974467665759,635,True,Energy_Materials
uslm,United States Lime & Minerals Inc,USD,NASDAQ NMS - GLOBAL MARKET,Construction,A,High,B,Medium,BB,Medium,500,233,300,1033,BBB,High,236150000.0,165808000.0,15559000.0,70342000.0,,236150000.0,26815000.0,15.1608,15.1608,14.1485,9.35260718408817,78.924854242004,11.1666496516843,127.920268413429,15.1830497707389,731028868.24,12.3525,33.2812,66.7188,0.0,12.6937,1.1454,12.2282,45429000.0,6115513.0,0.136918641180073,1033,True,Industrials
utmd,Utah Medical Products Inc,USD,NASDAQ NMS - GLOBAL MARKET,Health Care,B,Medium,B,Medium,B,Medium,240,236,250,726,B,Medium,52281000.0,20085000.0,12406000.0,32196000.0,10406000.0,52281000.0,818000.0,14.8813,14.8813,14.4179,11.4321123552856,12.1744592484672,1.75529843331525,14.2456220485864,3.83599906658251,365500000.0,13.2982,61.9543,38.0457,0.0,7.766,1.0842,15.0871,16473000.0,738369.0,0.127981639736865,726,True,Healthcare
cmp,Compass Minerals International Inc,USD,"NEW YORK STOCK EXCHANGE, INC.",Metals and Mining,A,High,BB,Medium,BB,Medium,505,302,320,1127,BBB,High,1244100000.0,1047300000.0,153900000.0,196800000.0,,1244100000.0,96700000.0,-7.8023,-1.6776,-2.0847,13.502190379463,-39.7284128629482,3.88916990195008,39.7284128629482,0.801529750711358,1740015017.56,-1.5272,16.8048,83.1952,78.7043,84.3991,6.4099,2.411,-25100000.0,26463047.0,0.249410028121367,1127,True,Energy_Materials
cnf,CNFinance Holdings Ltd,CNY,"NEW YORK STOCK EXCHANGE, INC.",Financial Services,B,Medium,B,Medium,B,Medium,200,200,220,620,B,Medium,,,,,,,12906604.9737243,3.5137,,,,1.43275059126551,0.0499035407672336,-0.422261200102018,0.221243297067657,279815220.96,0.9346,,,73.0704,72.8095,3.6777,,19434197.3695546,0.0,0.110342220073259,620,True,Financials
cnmd,Conmed Corp,USD,"NEW YORK STOCK EXCHANGE, INC.",Health Care,BBB,High,BB,Medium,B,Medium,441,300,270,1011,BBB,High,1045472000.0,474227000.0,501191000.0,571245000.0,,1045472000.0,21785000.0,-10.5269,-4.9279,-4.4759,30.724402214068,-14.0197656925864,1.51532202488113,139.560316126004,1.0806035542224,4163959149.76,-3.5072,19.1072,80.8928,58.5893,67.551,3.0818,1.9599,-80582000.0,18195816.0,-0.0642970901530642,1011,True,Healthcare
cnk,Cinemark Holdings Inc,USD,"NEW YORK STOCK EXCHANGE, INC.",Media,BB,Medium,BB,Medium,BB,Medium,330,300,300,930,BBB,High,2454700000.0,,2377700000.0,,177600000.0,2454700000.0,110700000.0,-125.2355,-8.9295,-9.2985,-176.294143948534,-11.974345582854,29.4686254271325,-99.0073939655488,1.32294884184218,1930384217.84,-5.5628,15.0802,84.9198,96.2216,97.5196,40.3155,1.2189,-268000000.0,12904350.0,-0.138604709990931,930,True,Consumer
cnne,Cannae Holdings Inc,USD,"NEW YORK STOCK EXCHANGE, INC.",Financial Services,B,Medium,B,Medium,B,Medium,215,203,203,621,B,Medium,662100000.0,571400000.0,235300000.0,90700000.0,,662100000.0,14300000.0,-14.1425,-13.8919,-15.2138,-9.4212708246049,-1.19247466334968,0.187766074510814,3.15317111414453,0.771029154780244,3054044095.1,-13.745,29.8831,70.1169,3.3797,13.1371,1.1512,2.5314,-429600000.0,16215403.0,0.176321983092133,621,True,Financials
cno,CNO Financial Group Inc,USD,"NEW YORK STOCK EXCHANGE, INC.",Insurance,A,High,BB,Medium,BB,Medium,500,322,315,1137,BBB,High,,,309600000.0,,,3576800000.0,,11.915,,,,9.67512433548387,2.74064058846374,-44.2291398193548,1.07333072475956,2869791303.68,1.1902,,,95.7983,95.7983,23.8001,,396800000.0,20641065.0,-0.0110916092685658,1137,True,Financials
cna,CNA Financial Corp,USD,"NEW YORK STOCK EXCHANGE, INC.",Insurance,A,High,BB,Medium,BB,Medium,540,329,340,1209,A,High,,,4300000000.0,,,11879000000.0,52000000.0,8.2648,,,,13.8370905401902,1.40174039013371,-202.79276955623,1.04136366217106,11961725075.92,1.4673,,,85.5155,85.5155,6.9039,,894000000.0,32288693.0,0.0861333798713291,1209,True,Financials
cmre,Costamare Inc,USD,"NEW YORK STOCK EXCHANGE, INC.",Marine,B,Medium,B,Medium,B,Medium,242,204,200,646,B,Medium,1113859000.0,333718000.0,119412000.0,780141000.0,9737000.0,,,28.5849,12.2969,11.0488,5.78494128564881,3.66344125729113,0.94255548016412,4.43867223312883,1.82522657081372,1568411565.6,11.329,15.465,84.535,54.5098,55.8755,2.2663,2.3981,554692000.0,0.0,0.143810361825879,646,True,Transport
gva,Granite Construction Inc,USD,"NEW YORK STOCK EXCHANGE, INC.",Construction,B,Medium,B,Medium,B,Medium,200,200,200,600,B,Medium,3301256000.0,2931762000.0,296730000.0,369494000.0,,3301256000.0,121612000.0,8.6741,6.5361,6.7103,12.8790147377953,62.0578312956472,5.42440154476945,-43.2004735140895,1.56593171283596,1774018062.0,3.6374,67.4334,32.5666,23.2304,54.5583,2.2006,1.6892,78857000.0,9655731.0,0.283492484850995,600,True,Industrials
fn,Fabrinet,USD,"NEW YORK STOCK EXCHANGE, INC.",Electrical Equipment,A,High,B,Medium,B,Medium,510,209,210,929,BBB,High,2262224000.0,1983630000.0,73941000.0,278594000.0,,2262224000.0,90583000.0,16.9368,16.4708,15.6409,22.4386233096241,98.2813480132748,15.7086218952653,-187.991528235552,8.70542285595945,4381866238.86,10.9161,92.5301,7.4699,2.1421,31.7033,1.4642,2.8323,200380000.0,26517209.0,0.0268281844391353,929,True,Industrials
h,Hyatt Hotels Corp,USD,"NEW YORK STOCK EXCHANGE, INC.","Hotels, Restaurants & Leisure",B,Medium,B,Medium,B,Medium,235,209,205,649,B,Medium,5891000000.0,,5493000000.0,,,5891000000.0,201000000.0,12.531,6.3401,6.6794,19.0679816190395,30.3044285261538,3.72763313852393,6894.2574897,2.340606854422,10546633283.9,3.6956,38.1765,61.8235,45.6988,69.9318,3.3258,0.6845,455000000.0,43215379.0,-0.0352160881269174,649,True,Consumer
hasi,Hannon Armstrong Sustainable Infrastructure Capital Inc,USD,"NEW YORK STOCK EXCHANGE, INC.",Real Estate,AA,Excellent,BBB,High,BB,Medium,646,404,313,1363,A,High,,,,,29934000.0,,4550000.0,2.6152,,,,112.580782839381,2.86780109302698,-62.2139205789537,69.7456023853951,4532558606.72,0.8805,,,65.5162,65.0274,2.8594,,41911000.0,20538071.0,0.293519709824688,1363,True,Real_Assets
hayw,Hayward Holdings Inc,USD,"NEW YORK STOCK EXCHANGE, INC.",Building,A,High,BB,Medium,BB,Medium,535,305,300,1140,BBB,High,1314136000.0,717101000.0,303300000.0,597035000.0,,1314136000.0,29625000.0,13.8356,7.6686,7.7218,21.1394911131438,16.3377771577445,2.39578893138703,-13.9783670369098,2.22970173552052,6113079837.77,6.2381,14.0686,85.9314,47.3425,57.4599,2.3507,2.6345,179347000.0,12374044.0,0.273875283955524,1140,True,Industrials
hbb,Hamilton Beach Brands Holding Co,USD,"NEW YORK STOCK EXCHANGE, INC.",Consumer products,B,Medium,B,Medium,B,Medium,245,272,230,747,B,Medium,640949000.0,511835000.0,90320000.0,129114000.0,,640949000.0,2279000.0,22.28,11.6292,10.7323,9.39950162385592,9.34992343372779,1.89702824449548,-964.263328163265,0.368585512107828,204874120.0,6.4962,38.4122,61.5878,47.1034,67.982,3.1232,2.8035,25267000.0,7215032.0,0.162714109393811,747,True,Consumer
hcc,Warrior Met Coal Inc,USD,"NEW YORK STOCK EXCHANGE, INC.",Metals & Mining,B,Medium,B,Medium,B,Medium,215,200,200,615,B,Medium,1707579000.0,710605000.0,,996974000.0,,,,,,37.9542,4.23094017946237,7.87259822516209,,11.6425372522432,2.95663128710297,1322465889.42,31.6207,,,,,,,641298000.0,17438483.0,0.177236507562335,615,True,Energy_Materials
hci,Hci Group Inc,USD,"NEW YORK STOCK EXCHANGE, INC.",Insurance,B,Medium,B,Medium,BB,Medium,205,260,300,765,BB,Medium,,,186466000.0,,,499563000.0,10982000.0,-24.0805,,,,-33.9747916554152,12.2260020821545,-5.0508131372275,3.94738479335741,846377072.46,-3.0279,,,90.4977,85.8702,7.0772,,-54603000.0,3637025.0,0.409735370033778,765,True,Financials
he,Hawaiian Electric Industries Inc,USD,"NEW YORK STOCK EXCHANGE, INC.",Utilities,A,High,BB,Medium,BB,Medium,585,348,310,1243,A,High,3741985000.0,3360912000.0,-4411000.0,381073000.0,,3741985000.0,344037000.0,10.5817,4.6921,4.3812,9.90581183618744,10.6401514660039,1.17405489422697,-23.1738560781467,0.691038240527421,4536439077.5,1.4924,3.1704,96.8296,59.9828,86.2641,7.2802,1.6095,243028000.0,9200439.0,-0.0314932535140856,1243,True,Real_Assets
gwre,Guidewire Software Inc,USD,"NEW YORK STOCK EXCHANGE, INC.",Technology,A,High,BB,Medium,BB,Medium,549,321,330,1200,A,High,812614000.0,460394000.0,551667000.0,352220000.0,107391000.0,812614000.0,21776000.0,-12.0426,-12.0426,-12.4293,-378.048895950623,-71.0080945613559,8.82581870910277,55.7589195990878,15.76647893071,9457964278.86,-7.9594,41.4011,58.5989,0.0,35.9628,1.5616,3.7115,-180431000.0,43811149.0,0.12572779987413,1200,True,Tech
hae,Haemonetics Corp,USD,"NEW YORK STOCK EXCHANGE, INC.",Health Care,BBB,High,BB,Medium,BB,Medium,448,303,305,1056,BBB,High,993196000.0,487694000.0,433778000.0,505502000.0,,993196000.0,96509000.0,5.8572,2.9285,2.848,20.9858619928753,59.483328,3.4427631781208,38.3993295530651,2.59776454194338,2710621505.28,2.3323,39.8327,60.1673,50.7933,59.7026,2.4816,1.7094,43375000.0,20015477.0,-0.01064820655295,1056,True,Healthcare
hgv,Hilton Grand Vacations Inc,USD,"NEW YORK STOCK EXCHANGE, INC.","Hotels, Restaurants & Leisure",BB,Medium,B,Medium,B,Medium,305,288,250,843,BB,Medium,3835000000.0,1311000000.0,1743000000.0,2524000000.0,212000000.0,3835000000.0,97000000.0,17.0089,5.8024,5.9621,23.3483813182258,9.31706793318182,1.52468987098094,-23.4257708034286,0.855178073658409,6248197492.11,4.3978,23.0138,76.9862,63.5671,73.1259,3.7211,2.9636,352000000.0,27319887.0,0.0525017490599887,843,True,Consumer
hubs,HubSpot Inc,USD,"NEW YORK STOCK EXCHANGE, INC.",Technology,BBB,High,BB,Medium,BB,Medium,480,329,320,1129,BBB,High,1730969000.0,314259000.0,1525811000.0,1416710000.0,197720000.0,1730969000.0,91771000.0,-12.0844,-8.2009,-7.7173,1110.8203988382,-114.636255377165,13.02641657279,-281.795695326051,7.46698707921401,31237118500.0,-4.4307,49.0593,50.9407,32.0858,61.0088,2.5647,2.3037,-112749000.0,26273429.0,0.0239693667108139,1129,True,Tech
hesm,Hess Midstream LP,USD,"NEW YORK STOCK EXCHANGE, INC.",Energy,BB,Medium,B,Medium,B,Medium,307,257,255,819,BB,Medium,1275200000.0,484000000.0,,791200000.0,23100000.0,1275200000.0,238200000.0,37.3553,2.8449,2.6799,10.5512964856484,99.1152450727056,33.9280663467972,9239.74340177778,6.52114888770389,6999065709.48,17.2956,5.2138,94.7862,92.1711,85.2572,6.783,0.8295,620600000.0,0.0,0.0812888073220057,819,True,Energy_Materials
hei,HEICO Corp,USD,"NEW YORK STOCK EXCHANGE, INC.",Aerospace & Defense,B,Medium,B,Medium,B,Medium,225,203,205,633,B,Medium,2208322000.0,1345563000.0,365915000.0,862759000.0,,2208322000.0,31982000.0,14.4449,13.0347,12.1418,37.7467817751897,108.163208369546,14.595668185912,1218.9417516939,17.224977291971,18268147059.52,9.5379,37.5905,62.4095,10.0219,27.3371,1.3762,2.739,390623000.0,21345063.0,0.0723500375348403,633,True,Industrials
